Format,Title,Artist,Release Year,Genre(s),Country,RIYL,Location (Shelf),Album Cover URL,Fill In?
Record,No Secrets,Carly Simon,1972,Folk(?),USA,"Joni Mitchell, Carole King, Bonnie Rait",I4,https://encrypted-tbn0.gstatic.com/images?q=tbn:ANd9GcQxxO4QMdoxrSehGgVqerTUq32I9KaM_3Q2Tw&s,
Record,La Folie,The Stranglers,1981,Post Punk,UK,"The Cure, Depeche Mode, New Order, ",I4,https://upload.wikimedia.org/wikipedia/en/thumb/e/e6/Stranglers_-_La_Folie_album_cover.jpg/220px-Stranglers_-_La_Folie_album_cover.jpg,
Record,Tossing Seeds,Superchunk,1989-1991,Punk,USA,"Stiff Little Fingers, The Replacements, The New Pornographers ",I4,https://f4.bcbits.com/img/a3440883926_10.jpg,
Record,Samiam,Samiam,1990,Punk,USA,"Decendents, ",I4,https://f4.bcbits.com/img/a1817022621_10.jpg,
Record,Assorted Jelly Beans,Assorted Jelly Beans,1996,Punk/Ska,USA,"Operation Ivy, Mest, The Suicide Machines ",I4,"https://m.media-amazon.com/images/I/710OUD9CLXL._UF1000,1000_QL80_.jpg",
Record,In Nature,Cat Scan,2019,Punk,USA,"Amyl and the Sniffers, Karate, Vundabar, Wet leg",I4,https://f4.bcbits.com/img/a0132596684_16.jpg,
Record,Rattus Norevegicus,The Strangelrs,1977,Punk,USA,"The Cure, Depeche Mode, New Order, ",I4,"https://m.media-amazon.com/images/I/61VmnUTCoiL._UF1000,1000_QL80_.jpg",
Record,Squirrel Bait,Squirrel Bait,1997,Punk,USA,"Alice in Chains, Agent Orange, ",I4,https://upload.wikimedia.org/wikipedia/en/2/2e/Squirrel_Bait_Squirrel_Bait_EP_.jpg,
Record,Heavily Bodies,Rains on Me,1986,New Wave,UK,"Billy Idol, The Cure, Siouxsie",I4,https://blogger.googleusercontent.com/img/b/R29vZ2xl/AVvXsEitbAkRAwXtfVRMiIlbwpqN74qOuhG1sxjPSEWlcjChRx24COuqrWQYSHm5Ix7mHEv_baNG4UlGFAhqPaP0Jy0ueuZvM1x7V-nBWGLLGCpKI_dYz6ClaJLyMU2sLEOFrlgeVCr8-FwgwrAF/s1600/rainsonme12.jpg,
Record,Ball of Confusion,Love and Rockets,1985,New Wave,UK,Bauhaus,I4,,
Record,I came to dance,nils lofgren,1977,Rock,USA,,I4,https://upload.wikimedia.org/wikipedia/en/6/6e/Cover_-_i_came_to_dance.jpg,
Record,The world by storm,the three johns,1986,Post punk,UK,,I4,https://f4.bcbits.com/img/a4015393737_10.jpg,
Record,Widespread Bloodshed/ Love Runs Red,No Mercy,2014,Thrash,USA,Suicidal Tendencies,I4,https://i.discogs.com/PfbfGXPEnumdncguyylhKrm3tHWupFToIJJ3oW_k-9M/rs:fit/g:sm/q:90/h:588/w:600/czM6Ly9kaXNjb2dz/LWRhdGFiYXNlLWlt/YWdlcy9SLTEzMzAy/MTI0LTE1NTE3MDI4/MzctMzU2My5qcGVn.jpeg,
Record,Thirsty's Calling,The Moodists,1984,Post Punk,AU,The Dirty Three,I4,https://upload.wikimedia.org/wikipedia/en/8/8c/No_Mercy_Widespread_Bloodshed.jpg,
Record,Death to Trad Rock,The Membranes,1984,Post Punk,UK,Soft Boys/Killing Joke,I4,https://i.discogs.com/n7mPZVCr9brISnjV_gtEWirJxi3Nps1_eC3bB6MaLSE/rs:fit/g:sm/q:90/h:594/w:596/czM6Ly9kaXNjb2dz/LWRhdGFiYXNlLWlt/YWdlcy9SLTE2ODU2/NTEtMTM3MDU5Mzgz/Ni0yNjI1LmpwZWc.jpeg,
Record,3-Way Tie(For Last),Minutemen,1985,Post Punk,USA,The Wire/ Death/TSOL,I4,https://upload.wikimedia.org/wikipedia/en/b/b6/Minutemen3waytie.jpg,
Record,Child of Novelty,Mahogany Rush,1974,Pyschedelic Rock,CAN,Jimi Hendrix/ Grateful Dead,I4,https://upload.wikimedia.org/wikipedia/en/a/a5/Mahogany_Rush_child_of_the_novelty.jpg,
Record,Electric Trouble,Les Thugs,1988,Post Punk,FR,Estranged TV/The Ex/ Pussy Galore,I4,https://i.discogs.com/6_m6Y8SNPYpZbhfY4NFyO4biLEj7c7rywW9w39c7F4k/rs:fit/g:sm/q:90/h:600/w:598/czM6Ly9kaXNjb2dz/LWRhdGFiYXNlLWlt/YWdlcy9SLTI3MTU3/MDktMTUyMTcyNTQ1/OS03NzkyLmpwZWc.jpeg,
Record,Self Titled,Legs Diamond,1977,Glam Rock,USA,Silver/Survivor,I4,https://upload.wikimedia.org/wikipedia/en/3/38/Legsdiamondalbum.jpg,
Record,Twelve Point buck,Killdozer,1989,Proto Grunge/Post Hardcore,USA,Nirvana/ Failure,I4,https://upload.wikimedia.org/wikipedia/en/1/12/Killdozer_-_Twelve_Point_Buck.jpg,
Record,Cocktail Mix,Rubella Ballet,1982,Punk Rock,UK,XTC / The Damned,I4,https://i.discogs.com/da7Rk_goH7R_7uOjVCPLLMr4eaQQITChPZg-FHsHFJs/rs:fit/g:sm/q:90/h:597/w:600/czM6Ly9kaXNjb2dz/LWRhdGFiYXNlLWlt/YWdlcy9SLTE5NTY4/OTktMTI2OTg4MDUz/NC5qcGVn.jpeg,
Record,Why do they call me Mr. Happy,Nomeansno,1993,Punk,Canada,The Cramps/The Ramones,I4,https://upload.wikimedia.org/wikipedia/en/f/f0/Nomeansno_Why_Do_They_Call_Me_Mr._Happy.jpg,
Record,Motion of Love,Gene Loves Jezebel,1987,80s Goth Rock,UK,simple minds/the cure/new order,I4,https://i.scdn.co/image/ab67616d0000b273124f97c0b7674921b0ace653,
Record,XCII,Swa,1987,Punk Rock 80s,USA,,,,
Record,Day and Night,Balamm and the Angels,1986,Punk Rock 80s,UK,,,,
Record,Statement,Ini Kamoze,1984,,,,B2,https://i.scdn.co/image/ab67616d0000b273b9c1ece81cd5cfe25c378bb1,
Record,Eye of the Beholder,Chick Corea,1988,jazz fusion,USA,,B2,"https://m.media-amazon.com/images/I/61yYQ86FEXL._UF1000,1000_QL80_.jpg",
Record,Just Like Being Born,Larry Coryell,1984,jazz,USA,,B2,https://i.discogs.com/YznUihmngPVlfNfDNNoB-4RsQ4jdQSekDhdeLxjByK4/rs:fit/g:sm/q:90/h:600/w:598/czM6Ly9kaXNjb2dz/LWRhdGFiYXNlLWlt/YWdlcy9SLTQ1NDAw/MjItMTM2Nzc4ODI5/NC04NzQxLmpwZWc.jpeg,
Record,The Leprechaun,Chick Corea,1976,,USA,,B2,https://upload.wikimedia.org/wikipedia/en/a/a1/CoreaLeprechaun.jpg,
Record,Voyage,"Chick Corea, Steve Kujala ",1985,,USA,,B2,https://upload.wikimedia.org/wikipedia/en/3/36/Chick_Corea_Steve_Kujala_Voyage_cover.jpg,
Record,Road Games,Allan Holdsworth,1983,,USA,,B2,https://upload.wikimedia.org/wikipedia/en/c/cc/Allan_Holdsworth_-_1984_-_Road_Games_EP_%28original%29.jpg,
Record,One of a Kind,Bill Bruford,1979,jazz fusion,USA,,B2,https://upload.wikimedia.org/wikipedia/en/d/d4/Bruford-OneOfAKind.jpg,
Record,Sundance,Kevin Eubanks,1984,,,,B2,https://i.discogs.com/_BdKkmzFjb8cCTddGeiHXyjM7uAZMhnQEySsMmYOdQs/rs:fit/g:sm/q:90/h:600/w:600/czM6Ly9kaXNjb2dz/LWRhdGFiYXNlLWlt/YWdlcy9SLTQwNzcx/NDAtMTcxNTIwNTQ0/Ny02NzY4LmpwZWc.jpeg,
Record,Inside Out,Chick Corea,1990,,,,B2,https://i.scdn.co/image/ab67616d0000b2737668ae11c6d99c2f41aa72f1,
Record,Hail,He Said,1986,,,,B2,https://assets.boomkat.com/spree/products/371163/large/image_1.jpg,
Record,Touchstone,Chick Corea,1982,,,,B2,https://chickcorea.com/wp-content/uploads/2012/11/Touchstone.jpg,
Record,Big Day at Ojai,Buellgrass,1984,,,,B2,https://i.discogs.com/cTGUTvKL4nFozkzrj6xB1_D6Vy9nioBYi7unOqZODek/rs:fit/g:sm/q:90/h:595/w:600/czM6Ly9kaXNjb2dz/LWRhdGFiYXNlLWlt/YWdlcy9SLTM3NjE3/OTgtMTYwODkyMTgy/MC0zOTg1LmpwZWc.jpeg,
Record,The Fittest of the Fittest,Burning Spear,1983,,,,B2,https://i.discogs.com/bmAun2Sp_ShD5qguy1PbUENpcntR5PBjjY8-tp-5zQ0/rs:fit/g:sm/q:90/h:600/w:600/czM6Ly9kaXNjb2dz/LWRhdGFiYXNlLWlt/YWdlcy9SLTE4NjI1/NDEtMTI4OTY4MjM4/Ny5qcGVn.jpeg,
Record,Eat Your Heart Out/Clay Hips,Hey! Elastica,1983,new wave,,,B2,https://thenewvinylvillain.com/wp-content/uploads/2013/12/r-842580-1308139952.jpeg,
Record,And That's No Lie,Heaven 17,1984,,,,B2,https://us.rarevinyl.com/cdn/shop/files/heaven-17-and-that-s-no-lie-blue-border-number-3-uk-12-inch-vinyl-single-maxi-vs74012-854180_384x392.jpg?v=1736610956,
Record,Children of the Revolution,Baby Ford,1989,,,,B2,https://i.discogs.com/pGUvjBeIfLF6A_6SXqLuYbfFZCb8iJcFIG87CZm4FDQ/rs:fit/g:sm/q:90/h:588/w:600/czM6Ly9kaXNjb2dz/LWRhdGFiYXNlLWlt/YWdlcy9SLTI1NjI0/My0xNDg2MzAzODM3/LTI3NjkuanBlZw.jpeg,
Record,She Was Only A Grocer's Daughter,Blow Monkeys,1987,"new wave, pop rock",,,B2,https://i.scdn.co/image/ab67616d0000b27340d6055cfbd57499391e1c9a,
Record,Day and Night,Blaam and the angel,1986,Post punk/rock,England,,I4,https://i.discogs.com/pHZcxi68sfOuV4ZIazs2FNjdLNb4NvnZBkfdABwOS8o/rs:fit/g:sm/q:90/h:600/w:593/czM6Ly9kaXNjb2dz/LWRhdGFiYXNlLWlt/YWdlcy9SLTcyNTg2/MC0xMTc2NjIxODQ5/LmpwZWc.jpeg,
Record,SWA,XCIII,1984,Punk,USA,,I4,"https://m.media-amazon.com/images/I/418k7maHozL._UF1000,1000_QL80_.jpg",
Record,Soul,Trigger,1988,Post-Hardcore,USA,,I4,https://f4.bcbits.com/img/a0705465616_16.jpg,
Record,UFO,Obsession,1978,Heavy Metal,UKA,,I4,https://upload.wikimedia.org/wikipedia/en/0/07/UFOObsession.jpg,
Record,Western Eyes,Western Eyes,1984,"New Wave, Punk ",USA,,I4,https://f4.bcbits.com/img/a3286199669_2.jpg,
Record,Where's the Money,Dan Hicks and His Hot Licks,1971,Folk Rock,USA,,I4,"https://m.media-amazon.com/images/I/4139fGt3JbL._UF1000,1000_QL80_.jpg",
Record,Water,The Wolfgang Press,1985,New Wave,UK,,I4,https://eu.rarevinyl.com/cdn/shop/products/the-wolfgang-press-water-ep-uk-12-inch-vinyl-single-maxi-bad502-203335_1200x1209.jpg?v=1699459325,
Record,Asylum Road,The Perfect Disaster,1988,Indie Rock,UK,"The Jesus and Mary Chain, Sonic Youth, Dinosaur Jr., Pixies, The Fall",A1,https://lastfm.freetls.fastly.net/i/u/300x300/4b270d511f87425384bf5c21d7d0d6b3.jpg,Been Filled
Record,How Green is the Valley,The Men They Couldn't Hang,1986,"Alternative Rock, Punk, Folk",UK,"The Pogues, Billy Bragg, The Waterboys, The Decemberists, Neutral Milk Hotel",A1,https://is1-ssl.mzstatic.com/image/thumb/Music/5f/39/4d/mzi.mxmcdbff.jpg/600x600bb.jpg,Been Filled
Record,The Slow Crack,Steve Kilbey,1989,Alternative Rock,Australia,"Nick Cave & The Bad Seeds, Tindersticks, Leonard Cohen, The Church, Echo & the Bunnymen",A1,https://lastfm.freetls.fastly.net/i/u/300x300/1c40bd293e3d0638c7c0a001bd311d1d.jpg,Been Filled
Record,Kansas,Wolfgang Press,1989,"Post-Punk, Leftfield",UK,"Bauhaus, The Cure, Gang of Four, Protomartyr, Interpol",A1,https://i.discogs.com/ZTfeeEE29rOngjhJyFSkm6V2tV2dwRXV3526UmH146Q/rs:fit/g:sm/q:40/h:150/w:150/czM6Ly9kaXNjb2dz/LWRhdGFiYXNlLWlt/YWdlcy9SLTQyMjQ5/Mi0xNTk4NjM2MTM4/LTE0MTIuanBlZw.jpeg,Been Filled
Record,1234,Ronnie Wood,1992,Rock,Europe,"The Rolling Stones, Tom Petty, The Faces, The Black Crowes, Drive-By Truckers",A1,https://is1-ssl.mzstatic.com/image/thumb/Music/47/38/31/mzi.upzcuctz.jpg/600x600bb.jpg,Been Filled
Record,Wooden Foot Cops on the Highway,The Woodentops,1988,Alternative Rock,US,"The Go-Betweens, The Feelies, The Chills, The Clean, Teenage Fanclub",A1,https://is1-ssl.mzstatic.com/image/thumb/Music/84/92/ec/mzi.mhammksm.tif/600x600bb.jpg,Been Filled
Record,Electric Bird Digest,Young Fresh Fellows,1991,"Alternative Rock, Garage Rock, Indie Rock",US,"Guided by Voices, Pavement, The Replacements, Superchunk, Sebadoh",A1,https://lastfm.freetls.fastly.net/i/u/300x300/5d636c66d5e4bebc40ac3cd68685dace.jpg,Been Filled
Record,Bumper Crop,Pell Mell,1987,Art Rock,US,"Talking Heads, Television, Wire, DEVO, Parquet Courts",A1,https://is1-ssl.mzstatic.com/image/thumb/Music126/v4/6d/46/c8/6d46c86b-c7c6-d299-2ab7-5062331b83f4/889845202417.jpg/600x600bb.jpg,Been Filled
Record,Rhyming Guitars,Pell Mell,1990,Indie Rock,US,"Talking Heads, Television, Wire, DEVO, Parquet Courts",A1,https://is1-ssl.mzstatic.com/image/thumb/Music126/v4/79/1b/01/791b01aa-4cb3-7421-65d5-db76a27d8231/889845202431.jpg/600x600bb.jpg,Been Filled
Record,High Octane Revival,Scruffy the Cat,1986,Indie Rock,US,"The Replacements, The dB’s, Let’s Active, The Smithereens, Tommy Keene",A1,https://lastfm.freetls.fastly.net/i/u/300x300/053cd123e1aa97ae23673d7dc5e164ac.jpg,Been Filled
Record,On the Road Again,Roy Wood,2007,"Rock & Roll, Pop Rock, Country Rock",US,"The Band, Little Feat, The Flying Burrito Brothers, The New Riders of the Purple Sage, Poco",A1,https://is1-ssl.mzstatic.com/image/thumb/Music/5a/bf/67/mzi.mcatxakb.jpg/600x600bb.jpg,Been Filled
Record,Soundtrax,Big River,2018,"Soundtrack, Gospel, Rhythm & Blues",US,"Prince And The Revolution, Various, Bob Dylan, USA For Africa, Paul Simon",A1,https://is1-ssl.mzstatic.com/image/thumb/Music118/v4/9f/fd/f2/9ffdf26f-c415-9991-3739-834404ca5f43/00076732614723.rgb.jpg/600x600bb.jpg,Been Filled
Record,Happy Come Home,Victoria Williams,1997,Country Rock,US,"Lucinda Williams, Gillian Welch, Iris DeMent, Shawn Colvin, Mary Chapin Carpenter",A1,https://is1-ssl.mzstatic.com/image/thumb/Music118/v4/b6/12/59/b6125955-9353-fc2f-13d3-980d6b06a454/00720642414026.rgb.jpg/600x600bb.jpg,Been Filled
Record,And the Shot Steady Nerves,Graham Parker,1985,Alternative Rock,US,"Elvis Costello, Joe Jackson, Squeeze, The Jam, XTC",A1,https://is1-ssl.mzstatic.com/image/thumb/Music/05/2a/aa/mzi.xfiigrnc.jpg/600x600bb.jpg,Been Filled
Record,Mainstream,Lloyd Cole and the Commotions,1987,"Alternative Rock, Indie Rock",UK,"The Go-Betweens, Prefab Sprout, The Blue Nile, Felt, The Triffids",A1,https://is1-ssl.mzstatic.com/image/thumb/Music115/v4/bd/18/19/bd1819be-d4e5-4d02-2b34-75a574b69614/05099922912053.jpg/600x600bb.jpg,Been Filled
Record,Same,Lloyd Cole,1984,Pop Rock,UK,"The Smiths, The Go-Betweens, Prefab Sprout, Aztec Camera, The Triffids",A1,https://i.discogs.com/yYrIa1lOHEIVUf02KkNdZL_PEY-43SHSLfnxcgFGVzk/rs:fit/g:sm/q:40/h:150/w:150/czM6Ly9kaXNjb2dz/LWRhdGFiYXNlLWlt/YWdlcy9SLTUyOTgx/OTktMTYxNDc4ODY4/Ni03NzEyLmpwZWc.jpeg,Been Filled
Record,Rattlesnakes,Lloyd Cole and the Commotions,2004,"Soft Rock, Indie Rock",UK,"The Smiths, The Go-Betweens, Prefab Sprout, Aztec Camera, The Triffids",A1,https://is1-ssl.mzstatic.com/image/thumb/Music118/v4/aa/2d/74/aa2d74eb-dd26-250b-bd80-25d6e2f1ae72/00602557466812.rgb.jpg/600x600bb.jpg,Been Filled
Record,Free for All,Ted Nugent,2015,Hard Rock,US,"Aerosmith, Blue Öyster Cult, Thin Lizzy, UFO, Montrose",A1,https://is1-ssl.mzstatic.com/image/thumb/Music/dc/7a/8e/mzi.dqjjnacx.jpg/600x600bb.jpg,Been Filled
Record,Duke Robillard And The Pleasure Kings,Duke Robillard And The Pleasure Kings,1983,Electric Blues,US,"Stevie Ray Vaughan, Rory Gallagher, Robin Trower, Albert King, Buddy Guy",A1,https://is1-ssl.mzstatic.com/image/thumb/Music/y2003/m09/d13/h05/s03.mopbxupb.jpg/600x600bb.jpg,Been Filled
Record,Stick to Me,Graham Parker and the Rumour,1977,New Wave,Spain,"Elvis Costello, Nick Lowe, Dr. Feelgood, The Rumour, Brinsley Schwarz",A1,https://is1-ssl.mzstatic.com/image/thumb/Music113/v4/47/61/7e/47617eb6-03ff-9266-5284-45d299f05418/18UMGIM40823.rgb.jpg/600x600bb.jpg,Been Filled
Record,Heat Treatment,Graham Parker,1976,"Pub Rock, New Wave",UK,"Elvis Costello, Nick Lowe, Dr. Feelgood, The Rumour, Brinsley Schwarz",A1,https://is1-ssl.mzstatic.com/image/thumb/Music118/v4/ac/da/83/acda83e1-fefe-3c02-9db7-58903df377fe/00602537055487.rgb.jpg/600x600bb.jpg,Been Filled
Record,Howlin' Wind,Graham Parker,1976,"New Wave, Pub Rock",UK,"Elvis Costello, Nick Lowe, Dr. Feelgood, The Rumour, Brinsley Schwarz",A1,https://is1-ssl.mzstatic.com/image/thumb/Music128/v4/69/84/ca/6984ca8d-185d-648e-588f-b6ec6350d934/00602517582736.rgb.jpg/600x600bb.jpg,Been Filled
Record,The Up Escalator,Graham Parker,1990,"Pub Rock, New Wave, Rock & Roll",US,"Elvis Costello, Joe Jackson, Squeeze, The Jam, XTC",A1,https://is1-ssl.mzstatic.com/image/thumb/Music/8a/ad/a7/mzi.qznyjfpo.jpg/600x600bb.jpg,Been Filled
Record,Giant,Woodentops,1986,Indie Rock,UK,"The Go-Betweens, The Feelies, The Chills, The Clean, Teenage Fanclub",A1,https://is1-ssl.mzstatic.com/image/thumb/Music126/v4/bc/83/25/bc8325cd-4798-1b55-f4d3-a4dfe9b3c836/5013929119024.png/600x600bb.jpg,Been Filled
Record,Gimme Some Neck,Ron Wood,2014,"Blues Rock, Classic Rock",US,"The Rolling Stones, Tom Petty, The Faces, The Black Crowes, Drive-By Truckers",A1,https://is1-ssl.mzstatic.com/image/thumb/Music/22/3a/ca/mzi.ugtkaobo.jpg/600x600bb.jpg,Been Filled
Record,Celtic Symphony,Alan Stivell,1987,"Folk Rock, Celtic",US,"Enya, Clannad, Loreena McKennitt, The Corrs, Flook",A1,https://i.discogs.com/NKQWBz1zNnADxKpzcUz4aUUhmR0Tlg8nj8vCeXFoAEk/rs:fit/g:sm/q:40/h:150/w:150/czM6Ly9kaXNjb2dz/LWRhdGFiYXNlLWlt/YWdlcy9SLTM0ODU0/MTQtMTMzMjI1MzE1/Mi5qcGVn.jpeg,Been Filled
Record,The Confessional,Winter Hours,1986,Alternative Rock,US,"The Replacements, Hüsker Dü, The Dream Syndicate, Game Theory, The Smithereens",A1,https://lastfm.freetls.fastly.net/i/u/300x300/0151376860fe4a3a8827462c2a4b194c.jpg,Been Filled
Record,Shock Treatment,Edgar Winter Group,1974,Hard Rock,US,"Aerosmith, Blue Öyster Cult, Thin Lizzy, UFO, Montrose",A1,https://is1-ssl.mzstatic.com/image/thumb/Music/94/dc/4d/mzi.hlfnzzpi.jpg/600x600bb.jpg,Been Filled
Record,I'll be Back,Windbreakers,1986,Alternative Rock,US,"R.E.M., The dB’s, Let’s Active, Tommy Keene, The Smithereens",A1,https://lastfm.freetls.fastly.net/i/u/300x300/3112676effe5230d531ad4d3d357eb6d.jpg,Been Filled
Record,Plenty,Woodentops,1984,"Pop Rock, Indie Rock",UK,"The Go-Betweens, The Feelies, The Chills, The Clean, Teenage Fanclub",A1,https://i.discogs.com/eZhpxXV2khdaYKjqaEwm8AOzc7Z900RNXJjElydandE/rs:fit/g:sm/q:40/h:150/w:150/czM6Ly9kaXNjb2dz/LWRhdGFiYXNlLWlt/YWdlcy9SLTQwMDk5/NS0xMzAzODUzMzgz/LmpwZWc.jpeg,Been Filled
Record,Love Train,Woodentops,1989,Indie Rock,Germany,"The Go-Betweens, The Feelies, The Chills, The Clean, Teenage Fanclub",A1,https://i.discogs.com/EC_xAv4QREmziK3WhYSDwPuR63u3Nch2wugmw9z-UGU/rs:fit/g:sm/q:40/h:150/w:150/czM6Ly9kaXNjb2dz/LWRhdGFiYXNlLWlt/YWdlcy9SLTE3NDIz/MjQtMTI3MjI4Mjk3/OS5qcGVn.jpeg,Been Filled
Record,It Will Come,Woodentops,1985,Indie Rock,UK,"The Go-Betweens, The Feelies, The Chills, The Clean, Teenage Fanclub",A1,https://is1-ssl.mzstatic.com/image/thumb/Music126/v4/43/a4/14/43a414fc-9426-44ad-fc33-3ca83bd0eb23/5016958078904.png/600x600bb.jpg,Been Filled
Record,Three-Chord Monte,Pegboy,1990,"Post-Hardcore, Punk",US,"Jawbreaker, Hot Water Music, Samiam, Leatherface, Avail",A1,https://is1-ssl.mzstatic.com/image/thumb/Music18/v4/2d/75/c6/2d75c68c-0e61-c5ad-c9eb-58eef15f9922/cover.jpg/600x600bb.jpg,Been Filled
Record,Pearls Galore,Pearl Harbour,1993,"Alternative Rock, New Wave, Punk, Indie Rock",UK,"The Undertones, Buzzcocks, Ian Dury, The Rezillos, The Adverts",A1,https://is1-ssl.mzstatic.com/image/thumb/Music128/v4/ca/b9/d4/cab9d4ec-b4b1-5601-1952-5e6b8aec0e80/00030206704198.rgb.jpg/600x600bb.jpg,Been Filled
Record,The Use of Ashes,Pearls Before Swine,1970,"Folk Rock, Psychedelic Rock",US,"Fairport Convention, Nick Drake, Vashti Bunyan, Devendra Banhart, Joanna Newsom",A1,https://is1-ssl.mzstatic.com/image/thumb/Music/23/9c/ab/mzi.lbhdupbl.jpg/600x600bb.jpg,Been Filled
Record,Greatest Hits II,Johnny Paycheck,1979,Country Rock,US,"Merle Haggard, George Jones, Waylon Jennings, Willie Nelson, David Allan Coe",A1,https://is1-ssl.mzstatic.com/image/thumb/Music114/v4/6b/92/53/6b9253d7-f2cf-72ff-ccd9-cecf609fb512/760137201724.png/600x600bb.jpg,Been Filled
Record,Singing in Circles,Passion Flower Hotel,2000,"Alternative Rock, Garage Rock, Psychedelic Rock",UK,"The Chameleons, The Sound, Comsat Angels, The Church, Sad Lovers & Giants",A1,https://i.discogs.com/ISEv9F0wlJXBhDXd-_5-L_7afQx_QP0I_Yu_xLSZrf8/rs:fit/g:sm/q:40/h:150/w:150/czM6Ly9kaXNjb2dz/LWRhdGFiYXNlLWlt/YWdlcy9SLTE1ODgy/NTItMTI1Mjc4MjM5/My5qcGVn.jpeg,Been Filled
Record,Guitar Slinger,Johnny Winter,1984,"Electric Blues, Blues Rock",US,"Stevie Ray Vaughan, Rory Gallagher, Robin Trower, Albert King, Buddy Guy",A1,https://is1-ssl.mzstatic.com/image/thumb/Music114/v4/04/35/60/04356063-86e1-25d4-9e5e-6a701d5b2d19/345.jpg/600x600bb.jpg,Been Filled
Record,Songs from The Briarpatch,Tom Paxton,1977,"Folk, Folk Rock, Country",US,"John Prine, Guy Clark, Townes Van Zandt, Jim Croce, James Taylor",A1,https://i.discogs.com/xg_nDSQtu6AIxc4llTtAYhEEenIrhntdsxe-r3c-Jzg/rs:fit/g:sm/q:40/h:150/w:150/czM6Ly9kaXNjb2dz/LWRhdGFiYXNlLWlt/YWdlcy9SLTM5NTI4/MzgtMTM1MDMzMzAw/NS0zMjk0LmpwZWc.jpeg,Been Filled
Record,Pampered Menial,Pavlov's Dog,2010,"Art Rock, Prog Rock",Europe,"Van der Graaf Generator, Camel, Caravan, Nektar, Renaissance",A1,https://is1-ssl.mzstatic.com/image/thumb/Music221/v4/a9/67/80/a9678028-6124-00d7-43e1-dd2951914b83/196873542638.jpg/600x600bb.jpg,Been Filled
Record,Grey Ghost,Henry Paul Band,1979,Southern Rock,US,"The Outlaws, The Charlie Daniels Band, The Marshall Tucker Band, Wet Willie, Grinderswitch",A1,https://is1-ssl.mzstatic.com/image/thumb/Music125/v4/45/48/62/45486217-a80d-8cbc-1947-3af838e0bdd1/mzi.iedxaseb.jpg/600x600bb.jpg,Been Filled
Record,Feel the Heat,Henry Paul Band,2003,"Rock & Roll, Southern Rock",US,"The Outlaws, The Charlie Daniels Band, The Marshall Tucker Band, Wet Willie, Grinderswitch",A1,https://is1-ssl.mzstatic.com/image/thumb/Music114/v4/0a/f4/2b/0af42b67-5f66-004e-ef08-85b57215221d/mzi.zpvtrfyx.jpg/600x600bb.jpg,Been Filled
Record,Grey Ghost,Henry Paul,1979,Southern Rock,US,"The Outlaws, The Charlie Daniels Band, The Marshall Tucker Band, Wet Willie, Grinderswitch",A1,https://is1-ssl.mzstatic.com/image/thumb/Music125/v4/45/48/62/45486217-a80d-8cbc-1947-3af838e0bdd1/mzi.iedxaseb.jpg/600x600bb.jpg,Been Filled
Record,Entrance,Edgar Winter,1992,"Symphonic Rock, Blues Rock, Jazz-Rock",US,"Electric Light Orchestra, ELO*, Jack White (2), The Doors, Steely Dan",A1,https://is1-ssl.mzstatic.com/image/thumb/Music116/v4/04/38/bf/0438bf78-e734-0b38-9719-3d759609e798/196871028974.jpg/600x600bb.jpg,Been Filled
Record,Together,Edgar Winter & Johnny Winter,1994,Blues Rock,US,"Stevie Ray Vaughan, Rory Gallagher, Robin Trower, Albert King, Buddy Guy",A1,https://is1-ssl.mzstatic.com/image/thumb/Music/60/24/19/mzi.mspxvsxl.jpg/600x600bb.jpg,Been Filled
Record,Winter,Johnny Winter,1984,Blues Rock,US,"Stevie Ray Vaughan, Rory Gallagher, Robin Trower, Albert King, Buddy Guy",A1,https://is1-ssl.mzstatic.com/image/thumb/Music/0a/19/08/mzi.omieqbeh.jpg/600x600bb.jpg,Been Filled
Record,White Trash,Edgar Winter,1989,Blues Rock,US,"The Allman Brothers Band, Lynyrd Skynyrd, The Marshall Tucker Band, Wet Willie, Grinderswitch",A1,https://is1-ssl.mzstatic.com/image/thumb/Music/51/9b/81/mzi.sbtrwvim.jpg/600x600bb.jpg,Been Filled
Record,Leaving Time,Winter Hours,1986,"Alternative Rock, Indie Rock",US,"The Replacements, Hüsker Dü, The Dream Syndicate, Game Theory, The Smithereens",A1,https://is1-ssl.mzstatic.com/image/thumb/Music118/v4/cb/ca/b6/cbcab638-40e4-8418-5afe-245af07027e1/791287360429.jpg/600x600bb.jpg,Been Filled
Record,Strong Reaction,Pegboy,1991,Punk,US,"Fugazi, Jawbox, Quicksand, Drive Like Jehu, Hot Snakes",A1,https://is1-ssl.mzstatic.com/image/thumb/Music30/v4/60/87/c4/6087c49b-ab0c-5dff-c103-7da09d426989/cover.jpg/600x600bb.jpg,Been Filled
Record,Split,Victor Banana,1969,Novelty,US,"USA For Africa, Zappa*",A1,https://lastfm.freetls.fastly.net/i/u/300x300/7045997a9fe2c14903a33347d0d4b087.jpg,Been Filled
Record,Be Bop and Holla,Andy Fairweather Low,1976,Vocal,UK,"Taylor Swift, Harry Styles",A1,https://i.discogs.com/LOrJSsgZFru4yOQnnfCoMwT5WD-GWb7oOFMyBUjTZXY/rs:fit/g:sm/q:40/h:150/w:150/czM6Ly9kaXNjb2dz/LWRhdGFiYXNlLWlt/YWdlcy9SLTE0NzU1/OTctMTM2MzQzNTkx/Ny0xMTY2LmpwZWc.jpeg,Been Filled
Record,Run,The Windbreakers,1986,"Alternative Rock, Indie Rock, Jangle Pop",US,"R.E.M., The dB’s, Let’s Active, Tommy Keene, The Smithereens",A1,https://lastfm.freetls.fastly.net/i/u/300x300/6155b2e5e77640f092df31998c8300b0.jpg,Been Filled
Record,Nothing But a Breeze,Jesse Winchester,1977,Folk Rock,US,"John Prine, Guy Clark, Townes Van Zandt, Jim Croce, James Taylor",A1,https://is1-ssl.mzstatic.com/image/thumb/Music/3c/e8/11/mzi.ljhplcsr.jpg/600x600bb.jpg,Been Filled
Record,Live and Pickin,Doc and Merle Watson,1979,"Folk, Acoustic, Bluegrass, Country, Ballad, Country Blues",US,"Norman Blake, Tony Rice, David Grisman, John Hartford, Ricky Skaggs",A1,https://is1-ssl.mzstatic.com/image/thumb/Music128/v4/c2/69/44/c2694479-a5b7-6b37-1794-192106ed6248/00011661161726.rgb.jpg/600x600bb.jpg,Been Filled
Record,Year of Sunday,Seals and Crofts,2007,"Folk Rock, Folk",US,"America, Bread, Crosby, Stills & Nash, Dan Fogelberg, Poco",A1,https://is1-ssl.mzstatic.com/image/thumb/Music/5a/88/16/mzi.eurggilp.jpg/600x600bb.jpg,Been Filled
Record,Summer Breeze,Seals and Crofts,2007,"Soft Rock, Folk Rock",US,"America, Bread, Crosby, Stills & Nash, Dan Fogelberg, Poco",A1,https://is1-ssl.mzstatic.com/image/thumb/Music114/v4/d5/48/6b/d5486bf5-ecc9-394a-c9f9-09a805f4a422/mzi.nrglmqqm.jpg/600x600bb.jpg,Been Filled
Record,Tough as I Want to Be,Phillip Walker,1984,Blues,US,"Stevie Ray Vaughan, Rory Gallagher, Robin Trower, Albert King, Buddy Guy",A1,https://is1-ssl.mzstatic.com/image/thumb/Music123/v4/5f/c8/4c/5fc84c92-49e8-89e4-3f58-029af39d3c19/19CRGIM08949.rgb.jpg/600x600bb.jpg,Been Filled
Record,Get Closer,Seals and Crofts,2018,Pop Rock,US,"America, Bread, Crosby, Stills & Nash, Dan Fogelberg, Poco",A1,https://lastfm.freetls.fastly.net/i/u/300x300/2e969991addbc099370612aac5e3c031.jpg,Been Filled
Record,Tiny Days,Scruffy the Cat,1987,Alternative Rock,US,"The Replacements, The dB’s, Let’s Active, The Smithereens, Tommy Keene",A1,https://is1-ssl.mzstatic.com/image/thumb/Music69/v4/ec/f5/dd/ecf5dd3e-0121-2f57-4731-57f45cdc4c73/886445345698.jpg/600x600bb.jpg,Been Filled
Record,Before the Storm,Johnny Winter,2009,Blues Rock,US,"Stevie Ray Vaughan, Rory Gallagher, Robin Trower, Albert King, Buddy Guy",A1,https://lastfm.freetls.fastly.net/i/u/300x300/714f1b21caa34a54d901f2af1ea9460d.jpg,Been Filled
Record,The Whole Wide World,Wreckless Eric,1977,"Rock & Roll, Punk",UK,"The Undertones, Buzzcocks, Ian Dury, The Rezillos, The Adverts",A1,https://is1-ssl.mzstatic.com/image/thumb/Music116/v4/08/13/b4/0813b484-1a03-54f9-d8b1-62c11700d1ee/888003447738_cover.jpg/600x600bb.jpg,Been Filled
Record,Headin' Home,Gary Wright,1979,"Symphonic Rock, Soft Rock",US,"Electric Light Orchestra, ELO*, Fleetwood Mac, Eagles",A1,https://is1-ssl.mzstatic.com/image/thumb/Music/y2005/m07/d25/h10/mzi.afcpweci.jpg/600x600bb.jpg,Been Filled
Record,House of Boris,Wreck,1991,"Alternative Rock, Grunge",US,"Mudhoney, Tad, The Melvins, Screaming Trees, L7",A1,https://lastfm.freetls.fastly.net/i/u/300x300/3e03d2ae9f514ce983db0f87b43e2e3e.jpg,Been Filled
Record,The Wonderful World of Wreckless Eric,Wreckless Eric,1978,"New Wave, Punk",UK,"The Undertones, Buzzcocks, Ian Dury, The Rezillos, The Adverts",A1,https://lastfm.freetls.fastly.net/i/u/300x300/b53a606cca25f4455dc48897c7cdabc9.jpg,Been Filled
Record,Bullshot,Link Wray,1979,Rock & Roll,US,"The Rolling Stones, Tom Petty, The Faces, The Black Crowes, Drive-By Truckers",A1,https://is1-ssl.mzstatic.com/image/thumb/Music126/v4/f9/4d/42/f94d4290-25f2-fe15-d3d1-bfd6920ad5ad/197190985092.jpg/600x600bb.jpg,Been Filled
Record,Celebration Town,The World Service,2015,"Alternative Rock, New Wave",UK,"The Chameleons, The Sound, Comsat Angels, The Church, Sad Lovers & Giants",A1,https://is1-ssl.mzstatic.com/image/thumb/Music115/v4/da/c1/55/dac1551d-4b9b-66bc-6f49-a6e9f5bbed89/19UMGIM45599.rgb.jpg/600x600bb.jpg,Been Filled
Record,World of...,Mad Violets,1966,Psychedelic Rock,France,"The Soft Machine, Can, Amon Düül II, Faust, Tangerine Dream",A1,https://is1-ssl.mzstatic.com/image/thumb/Music124/v4/fb/70/05/fb700555-d8e0-7434-4a9f-17dd8649e0ef/195999401010.jpg/600x600bb.jpg,Been Filled
Record,Two,Tom Robinson,1994,Pop Rock,UK,"Elvis Costello, Joe Jackson, Squeeze, The Jam, XTC",A1,https://is1-ssl.mzstatic.com/image/thumb/Music/18/ce/f0/mzi.gppbdmly.jpg/600x600bb.jpg,Been Filled
Record,I Reserve the Right,Stillwater,2007,"Southern Rock, Hard Rock",US,"The Outlaws, Molly Hatchet, .38 Special, Blackfoot, The Rossington Band",A1,https://i.discogs.com/IeNVby2JXm1s5j92bgd2fZmCqiJm9NkRtoZrJ0dBmH8/rs:fit/g:sm/q:40/h:150/w:150/czM6Ly9kaXNjb2dz/LWRhdGFiYXNlLWlt/YWdlcy9SLTE2NDQ1/NDctMTUyMTI5NzQ2/Ni0xMTY0LmpwZWc.jpeg,Been Filled
Record,Wild Trip,The Stomach Mouths,1985,Garage Rock,Scandinavia,"The Sonics, The Monks, The Mummies, The Oblivians, The Gories",A1,https://lastfm.freetls.fastly.net/i/u/300x300/faacc69ee8fea52b569b83c6488ff522.jpg,Been Filled
Record,So Early in the Spring,Judy Collins,1977,"Folk Rock, Soft Rock, Ballad, Folk",US,"Joan Baez, Joni Mitchell, Judy Henske, Buffy Sainte-Marie, Linda Ronstadt",A1,https://is1-ssl.mzstatic.com/image/thumb/Music/v4/68/6b/64/686b6411-1d76-5654-86f2-5024025a1f1f/603497920471.jpg/600x600bb.jpg,Been Filled
Record,Brand New Friend,Lloyd Cole and the Commotions,1985,"Pop Rock, Indie Rock",UK,"The Smiths, The Go-Betweens, Prefab Sprout, Aztec Camera, The Triffids",A1,https://is1-ssl.mzstatic.com/image/thumb/Music124/v4/08/9a/0b/089a0bf8-7728-5287-a29b-6610452cdc7b/00602557466805.rgb.jpg/600x600bb.jpg,Been Filled
Record,Perfect Skin,Lloyd Cole and the Commotions,1988,Indie Rock,UK,"The Smiths, The Go-Betweens, Prefab Sprout, Aztec Camera, The Triffids",A1,https://is1-ssl.mzstatic.com/image/thumb/Music118/v4/aa/2d/74/aa2d74eb-dd26-250b-bd80-25d6e2f1ae72/00602557466812.rgb.jpg/600x600bb.jpg,Been Filled
Record,Psychosis,Coffin Break,1989,"Grunge, Punk, Alternative Rock",US,"Mudhoney, Tad, The Melvins, Screaming Trees, L7",A1,https://lastfm.freetls.fastly.net/i/u/300x300/386cac50127b4bd7837f7fcc95f3f5df.jpg,Been Filled
Record,State of Shock,Ted Nugent,2016,Hard Rock,Europe,"Aerosmith, Blue Öyster Cult, Thin Lizzy, UFO, Montrose",A1,https://is1-ssl.mzstatic.com/image/thumb/Music/eb/0c/d5/mzi.lesxzdfx.jpg/600x600bb.jpg,Been Filled
Record,Tales of the Unexpected,Mahogany Rush,1990,"Stoner Rock, Hard Rock, Prog Rock, Psychedelic Rock",US,"Frank Marino, Robin Trower, Pat Travers, Uli Jon Roth, Michael Schenker",A1,https://is1-ssl.mzstatic.com/image/thumb/Music/df/32/0e/mzi.wrgnznri.jpg/600x600bb.jpg,Been Filled
Record,Peregrins,Peregrins,1989,Alternative Rock,US,"The Replacements, Hüsker Dü, The Dream Syndicate, Game Theory, The Smithereens",A1,https://is1-ssl.mzstatic.com/image/thumb/Music123/v4/73/7e/59/737e598a-6636-d27e-f409-6f20149f237f/194491907129.jpg/600x600bb.jpg,Been Filled
Record,Live,Mahogany Rush,1995,Rock,UK,"Frank Marino, Robin Trower, Pat Travers, Uli Jon Roth, Michael Schenker",A1,https://is1-ssl.mzstatic.com/image/thumb/Music128/v4/eb/37/d7/eb37d7fe-6427-0737-34fa-fd4a94969be3/886446728797.jpg/600x600bb.jpg,Been Filled
Record,IV,Mahogany Rush,1976,Hard Rock,Europe,"Frank Marino, Robin Trower, Pat Travers, Uli Jon Roth, Michael Schenker",A1,https://is1-ssl.mzstatic.com/image/thumb/Music/72/0b/2f/mzi.wznyrgln.jpg/600x600bb.jpg,Been Filled
Record,Man,Man,2004,"House, Techno, Bleep",UK,"Daft Punk, Justice (3), Aphex Twin, LFO, N-Joi",A1,https://is1-ssl.mzstatic.com/image/thumb/Music211/v4/99/41/c1/9941c1f8-88c8-64ea-0c04-1e5379e0bf8d/64615.jpg/600x600bb.jpg,Been Filled
Record,Best of the Move,The Move,1994,"Pop Rock, Psychedelic Rock",US,"The Kinks, The Pretty Things, The Zombies, The Small Faces, The Creation",A1,https://is1-ssl.mzstatic.com/image/thumb/Music124/v4/c4/88/52/c48852ff-b542-2884-a696-ca39e0b4cdf3/19UMGIM65658.rgb.jpg/600x600bb.jpg,Been Filled
Record,The Dream Faded,The Misunderstood,1982,"Garage Rock, Psychedelic Rock, Prog Rock",UK,"13th Floor Elevators, Love, The Seeds, The Chocolate Watchband, The Electric Prunes",A1,https://is1-ssl.mzstatic.com/image/thumb/Music124/v4/9b/32/6b/9b326b22-ee88-d291-6baa-2aaa496b2959/5013929103221.jpg/600x600bb.jpg,Been Filled
Record,Live Grape,Moby Grape,1988,Psychedelic Rock,US,"Buffalo Springfield, Quicksilver Messenger Service, The Flying Burrito Brothers, The Byrds, The Beau Brummels",A1,https://is1-ssl.mzstatic.com/image/thumb/Features/0d/66/af/dj.elajqodt.jpg/600x600bb.jpg,Been Filled
Record,Truly Fine Citizen,Moby Grape,2007,"Country Rock, Folk Rock, Garage Rock, Psychedelic Rock, Blues Rock",US,"Buffalo Springfield, Quicksilver Messenger Service, The Flying Burrito Brothers, The Byrds, The Beau Brummels",A1,https://is1-ssl.mzstatic.com/image/thumb/Music/3c/5f/50/mzi.txpsncsg.jpg/600x600bb.jpg,Been Filled
Record,This is Art,Maximum America,2014,Rock,US,"The Chameleons, The Sound, Comsat Angels, The Church, Sad Lovers & Giants",A1,https://i.discogs.com/uAQq7Ya58ps0aQECQ3X-I4z34vsvPMIFfTTOrfslNXQ/rs:fit/g:sm/q:40/h:150/w:150/czM6Ly9kaXNjb2dz/LWRhdGFiYXNlLWlt/YWdlcy9SLTI0MTYw/NTgtMTI4NzE3MjUy/Ni5qcGVn.jpeg,Been Filled
Record,Start Breathing,The McGuires,2008,"Alternative Rock, Jangle Pop",US,"R.E.M., The dB’s, Let’s Active, Tommy Keene, The Smithereens",A1,https://i.discogs.com/QSjF6xCNyExYIVmx06Xkl5YKX5b0lZcVyG9DESMMw0g/rs:fit/g:sm/q:40/h:150/w:150/czM6Ly9kaXNjb2dz/LWRhdGFiYXNlLWlt/YWdlcy9SLTMzNDEw/MzQtMTY5MjczNTky/My0yMTI5LmpwZWc.jpeg,Been Filled
Record,Ol Blue Suede Shoes is Back,Carl Perkins,1988,"Blues Rock, Rhythm & Blues, Acid Rock, Hard Rock, Psychedelic Rock",France,"Jerry Lee Lewis, Chuck Berry, Buddy Holly, Gene Vincent, Eddie Cochran",A1,https://is1-ssl.mzstatic.com/image/thumb/Music112/v4/1a/b4/5e/1ab45ebd-97fe-1f68-990e-2e7b12793174/22UM1IM07309.rgb.jpg/600x600bb.jpg,Been Filled
Record,Reflection,Pentangle,1988,"Celtic, Folk, Folk Rock",UK,"Enya, Clannad, Loreena McKennitt, The Corrs, Flook",A1,https://is1-ssl.mzstatic.com/image/thumb/Music128/v4/ef/e2/3c/efe23c27-0cd1-ea4c-34a6-507e8818bec7/5414939533778.jpg/600x600bb.jpg,Been Filled
Record,Double Live,Ted Nugent,2014,Hard Rock,US,"Aerosmith, Blue Öyster Cult, Thin Lizzy, UFO, Montrose",A1,https://is1-ssl.mzstatic.com/image/thumb/Music/e1/d8/50/mzi.ttbacozf.jpg/600x600bb.jpg,Been Filled
Record,,,,,,,,,
Record,The Best of Black Oak Arkansas,Black Oak Arkansas,1977,Southern Rock,US,"Wet Willie, Molly Hatchet, Blackfoot, Foghat",I5,https://i.discogs.com/ay0ioidIkgQCmpNl1HwGgAWowaB9N3_CwTDWvKJvg7s/rs:fit/g:sm/q:90/h:600/w:600/czM6Ly9kaXNjb2dz/LWRhdGFiYXNlLWlt/YWdlcy9SLTIzMjcy/MDgtMTI3NzI4OTEw/OS5qcGVn.jpeg,
Record,Black Jesus Voice,Richard H. Kirk,1986,Electronic,UK,"Sandoz, Electronic Eye, Sweet Exorcist",I5,https://i.discogs.com/Ol91e00qJWOoqkQ7hfG2TNNmLKFfr0dXL42JDvyLfPI/rs:fit/g:sm/q:40/h:300/w:300/czM6Ly9kaXNjb2dz/LWRhdGFiYXNlLWlt/YWdlcy9SLTQ2NDg4/LTE0Mjg3NDI4OTMt/Njg1Mi5qcGVn.jpeg,
Record,Rosy Jack World,Blake Babies,1999,Alternative Rock,US,"Juliana Hatfield, Velocity Girl",I5,https://www.discogs.com/release/1609019-Blake-Babies-Rosy-Jack-World/image/SW1hZ2U6MjM3MDkzNQ==,
Record,Earwig,Blake Babies,1989,Alternative Rock,US,"Juliana Hatfield, Velocity Girl",I5,https://i.discogs.com/Mlo1Kl413R2LLSRNjnOOvuYxF-Ut2uzGkv7lxwygJho/rs:fit/g:sm/q:40/h:150/w:150/czM6Ly9kaXNjb2dz/LWRhdGFiYXNlLWlt/YWdlcy9SLTMwNjM1/Njk4LTE3MTUyODY5/NDAtMjAwMy5qcGVn.jpeg,
Record,Sunburn,Blake Babies,1990,Alternative Rock,US,"Juliana Hatfield, Velocity Girl",I5,https://www.discogs.com/release/367722-Blake-Babies-Sunburn/image/SW1hZ2U6MjA0MzYxOTY=,
Record,"Nicely, Nicely",Blake Babies,1987,Alternative Rock,US,"Juliana Hatfield, Velocity Girl",I5,https://i.discogs.com/I_qoFrWq8QDoddor0s61s_TItIc518x__Jj3pE5Y90k/rs:fit/g:sm/q:90/h:300/w:300/czM6Ly9kaXNjb2dz/LWRhdGFiYXNlLWlt/YWdlcy9SLTI0MTA3/ODMtMTI4MjUyNzg5/OC5qcGVn.jpeg,
Record,Worlds Apart,Blackjack,1980,Rock,US,"The Road Hammers, Taylor Phillips, Jon Wolfe",I5,https://i.discogs.com/Ch3waEi1lNsjBWNeTQ03_qj6PmKaUrDUBzUZXW2ZO9c/rs:fit/g:sm/q:40/h:150/w:150/czM6Ly9kaXNjb2dz/LWRhdGFiYXNlLWlt/YWdlcy9SLTg2MjM0/ODItMTQ2NTM1NjEx/OS04MDc2LmpwZWc.jpeg,
Record,Strikes,Blackfoot,1979,Southern Rock,US,"Molly Hatchet, Lynyrd Skynyrd",I5,https://www.discogs.com/release/1759021-Blackfoot-Strikes/image/SW1hZ2U6NDE5OTI0Mjg=,
Record,Black Bird,BlackBird,1988,"Electronic, Post-Punk",US,,I5,https://i.discogs.com/OJj41mjCIT9Q1k04qUfjL4TWmFaf4biyCy6vBQ61kJc/rs:fit/g:sm/q:90/h:600/w:600/czM6Ly9kaXNjb2dz/LWRhdGFiYXNlLWlt/YWdlcy9SLTI4ODQ2/ODYtMTUxODgwNDU1/NC0yNTkxLmpwZWc.jpeg,
Record,Procedure,Blackgirls,1990,"Folk, Rock",US,,I5,https://i.discogs.com/zpsmwl56SufubQ58GbiW7YrAgM1qULTgEIQz9shZoBU/rs:fit/g:sm/q:90/h:600/w:590/czM6Ly9kaXNjb2dz/LWRhdGFiYXNlLWlt/YWdlcy9SLTI3NDc4/NzUtMTQ0ODEzMDU3/NS0xNzAxLmpwZWc.jpeg,
Record,No Reservations,Blackfoot,1975,Southern Rock,US,"Molly Hatchet, Lynyrd Skynyrd",I5,https://i.discogs.com/C0_DCQi-eMXqUQV3pdCfwapv9HkVFXg-umNL7m7N7bQ/rs:fit/g:sm/q:90/h:598/w:600/czM6Ly9kaXNjb2dz/LWRhdGFiYXNlLWlt/YWdlcy9SLTEyNjA1/ODg2LTE1Mzg0NzE2/NDctMzk5My5qcGVn.jpeg,
Record,10 Year Overnight Sensation,Black Oak Arkansas,1976,Southern Rock,US,"Wet Willie, Molly Hatchet, Blackfoot, Foghat",I5,https://i.discogs.com/Ou89bYTO46KnJmIORH35SYg0FIkoCR1_S2EZm1FxDK8/rs:fit/g:sm/q:90/h:600/w:600/czM6Ly9kaXNjb2dz/LWRhdGFiYXNlLWlt/YWdlcy9SLTM4MDk0/NC0xNTAyMTM3MTUy/LTI2MTEuanBlZw.jpeg,
Record,Blackjack,Blackjack,1979,,,,,,
Record,,,,,,,,,
Record,Dead Eyes Opened,Severed Heads,1986,Electronic,Canada,,F4,https://www.discogs.com/release/161242-Severed-Heads-Dead-Eyes-Opened/image/SW1hZ2U6OTM0NDM5Ng==,
Record,Come Visit The Big Bigot,Severed Heads,1986,Electronic,Canadá,,F4,https://www.discogs.com/release/209507-Severed-Heads-Come-Visit-The-Big-Bigot/image/SW1hZ2U6NjU5NDU0OQ==,
Record,No Earthy Connection,Rick Wakeman,1976,"Electronic, Rock",UK,,F4,https://www.discogs.com/master/57999-Rick-Wakeman-And-The-English-Rock-Ensemble-No-Earthly-Connection/image/SW1hZ2U6NDExMDA1OA==,
Record,Raintime,The Wolfgang Press,1989,"Electronic, Rock",UK,,F4,https://www.discogs.com/master/16376-The-Wolfgang-Press-Raintime-Bottom-Drawer/image/SW1hZ2U6OTEwNzk2NQ==,
Record,Big Sex,The Wolfgang Press,1987,Electronic,UK,,F4,https://www.discogs.com/master/16319-The-Wolfgang-Press-Big-Sex/image/SW1hZ2U6OTEwNzc0MA==,
Record,Modern Mandolin Quartet,Modern Mandolin Quartet,1988,Classical,USA,,F4,https://www.discogs.com/master/413183-Modern-Mandolin-Quartet-Modern-Mandolin-Quartet/image/SW1hZ2U6NjM2MTMyMg==,
Record,The Hammer,Andy Narell,1987,Jazz,USA,,F4,https://www.discogs.com/release/3960934-Andy-Narell-The-Hammer,
Record,Junge Romer,Falco,1984,Electronic,USA,,F4,https://www.discogs.com/master/77891-Falco-Junge-Roemer/image/SW1hZ2U6MzU3NTU3OA==,
Record,Love of the Common People,Paul Young,1984,"Electronic, Rock",USA,,F4,https://www.discogs.com/release/1210913-Paul-Young-Love-Of-The-Common-People-Extended-Club-Mix-Come-Back-And-Stay-Extended-Club-Mix/image/SW1hZ2U6NDA2Mjk4MA==,
Record,Short Stories,Jon and the Vangelis,1980,Synth-Pop,UK,,F4,https://www.discogs.com/master/10880-Jon-And-Vangelis-Short-Stories/image/SW1hZ2U6Mzc4MDczMw==,
Record,Yes No Maybe,Two of 4,1990,"Electronic, Rock",USA,,F4,https://www.discogs.com/release/5375735-Yes-No-Maybe-Two-Of-4-/image/SW1hZ2U6MTEwMzU0NDY=,
Record,Leave It,Yes,1984,Synth-Pop,USA,,F4,https://www.discogs.com/master/35799-Yes-Leave-It/image/SW1hZ2U6MzI2NDM4ODM=,
Record,You Gotta Say Yes to Another Excess,Yello,1983,Electronic,USA,,F4,https://www.discogs.com/master/35031-Yello-You-Gotta-Say-Yes-To-Another-Excess/image/SW1hZ2U6OTQ3NDQ5,
Record,Keys to Imagination,Yanni,1986,Electronic,USA,,F4,https://www.discogs.com/release/2483878-Yanni-Keys-To-Imagination,
Record,,,,,,,,,
Record,,,,,,,,,
Record,,,,,,,,,
Record,,,,,,,,,
Record,,,,,,,,,
Record,,,,,,,,,
Record,,,,,,,,,
Record,,,,,,,,,
Record,Love Stinks,The J. Geils Band,1980,"Classic Rock, Blues",Japan,John Mellencamp,F3,https://i.discogs.com/xt9-3ggOu6b9HJTjKHe7ZIs6jCM17UwRiRoPyy-41Io/rs:fit/g:sm/q:90/h:250/w:250/czM6Ly9kaXNjb2dz/LWRhdGFiYXNlLWlt/YWdlcy9SLTU2MzE0/NjItMTM5ODQ2NTY3/Mi04NTg1LmpwZWc.jpeg,
Record,Kettle,Chesterf!eld,1987,"Classic Rock, Pop",UK,"The Cynics, Lyres",F3,https://i.discogs.com/f5hywHS0VsGbaYs0fPVEMix2HpZzb9fDLKPrOiubc4A/rs:fit/g:sm/q:90/h:600/w:597/czM6Ly9kaXNjb2dz/LWRhdGFiYXNlLWlt/YWdlcy9SLTEwNzgx/NTYtMTU1Njk2Nzg1/Mi00MzY5LmpwZWc.jpeg,
Record,Stop!,The Chesterfield Kings,1987,Rock,US,Dee Dee Ramone,F3,https://i.discogs.com/C_X4tD5_eQpdsPWDg8_EukRBiz9vA005khNcoKvp240/rs:fit/g:sm/q:90/h:600/w:600/czM6Ly9kaXNjb2dz/LWRhdGFiYXNlLWlt/YWdlcy9SLTIxMzIy/NDAtMTM4MzgxNTU3/My00MjExLmpwZWc.jpeg,
Record,Here are The Chesterfield Kings,The Chesterfield Kings,1982,Rock,US,"The Cynics, Dee Dee Ramone",F3,https://i.discogs.com/CFT0dJDCJYeBZfEEzDyVhjBq7kMBptpWt96tXTKWE-M/rs:fit/g:sm/q:90/h:600/w:600/czM6Ly9kaXNjb2dz/LWRhdGFiYXNlLWlt/YWdlcy9SLTQ4NjM2/NS0xMzY1MTQ3OTU0/LTY4MTcuanBlZw.jpeg,
Record,So Sexist,Chemical People,1988,"Rock, Pop, Punk",US,"Ed Urlik, Jaime Pina",F3,https://i.discogs.com/g_qPrz47eFLFxPaXlui2V5fhrIyVQ3yYQzudUDIWw0s/rs:fit/g:sm/q:90/h:500/w:500/czM6Ly9kaXNjb2dz/LWRhdGFiYXNlLWlt/YWdlcy9SLTI2NzA5/ODUtMTQxNjExOTIz/NS01NDAzLmpwZWc.jpeg,
Record,Rhys Chatham,Die Donnergötter,1987,"Rock, Electric",US,"Oneida, Biggi Vinkeloe",F3,https://i.discogs.com/xLDPqk9Eo5opgknjmKljyZLhjY5NxtHYzgT3-Y902-k/rs:fit/g:sm/q:90/h:600/w:600/czM6Ly9kaXNjb2dz/LWRhdGFiYXNlLWlt/YWdlcy9SLTIzODI3/OTAtMTYyNjYxNzcy/MC0xMTkxLmpwZWc.jpeg,
Record,The Summertime EP,Charles Brown Superstar,1994,"Rock, Indie",US,"Birdland, Schwinn",F3,https://i.discogs.com/bs5Smqjxxlg7gAw_2sFM5HfBAa27CbIIT8yJtzYRQnk/rs:fit/g:sm/q:90/h:592/w:600/czM6Ly9kaXNjb2dz/LWRhdGFiYXNlLWlt/YWdlcy9SLTIzNTI0/MTQtMTY2MDU3NDc0/MC02NzEyLmpwZWc.jpeg,
Record,Days of Our Lives/Sweet Piece of Ass,Charles Brown Superstar,1995,"Rock, Lofi",US,"Birdland, Schwinn",F3,https://i.discogs.com/lcg8A-yfmTJ4GO4NBKPeXesaaELDG62D4gAObznZ20o/rs:fit/g:sm/q:90/h:600/w:600/czM6Ly9kaXNjb2dz/LWRhdGFiYXNlLWlt/YWdlcy9SLTE3Nzg5/ODMtMTY0MzExNDUy/Mi0zODc2LnBuZw.jpeg,
Record,Fully Qualified Survivor,Michael Chapman,1970,"Rock, Folk, World, Country",UK,"Rick Kemp, John Peel",F3,https://i.discogs.com/ymG6FkmsLxd8wa3nFi3prJs1VpBNS9PqQtA0SBfV5O8/rs:fit/g:sm/q:90/h:600/w:594/czM6Ly9kaXNjb2dz/LWRhdGFiYXNlLWlt/YWdlcy9SLTE3ODkw/MDUtMTI0MzYxODY4/NS5qcGVn.jpeg,
Record,Jaded Virgen,Marshmall Chapman,1978,"Rock, Folk, World, Country",US,,F3,https://i.discogs.com/73wzReR7qyTxFBSgqtvr1WgVNHCrrgaWObOdCfpQAWQ/rs:fit/g:sm/q:90/h:600/w:593/czM6Ly9kaXNjb2dz/LWRhdGFiYXNlLWlt/YWdlcy9SLTE2MzMz/NzUtMTY2NzkzOTM5/MC01Mjg5LmpwZWc.jpeg,
Record,On the Road to Kingdom Come,Harry Chapin,1976,"Rock, Soft Rolk, Folk",Canada,"Jim Croce, Neil Diamond",F3,https://i.discogs.com/jsOCD3pt5qvhyvIvuWJKU-Ew2TQjAIDKZQTQ2YntiGk/rs:fit/g:sm/q:90/h:600/w:600/czM6Ly9kaXNjb2dz/LWRhdGFiYXNlLWlt/YWdlcy9SLTE4NDI1/MjctMTMzMjg5NDQ0/OS5qcGVn.jpeg,
Record,Greatest Stories - Live,Harry Chapin,1976,"Rock, Folk, World, Country",US,"Jim Croce, Neil Diamond",F3,https://i.discogs.com/W4hHpdIlGCaFEqXWJBQYn3AwT_C1P6sjLd3aooimbao/rs:fit/g:sm/q:90/h:600/w:600/czM6Ly9kaXNjb2dz/LWRhdGFiYXNlLWlt/YWdlcy9SLTIwMzM0/NDUtMTM4MTgxMDA0/NC01NTg5LmpwZWc.jpeg,
Record,Dance Band On The Titanic,Harry Chapin,1977,"Rock, Soft Rolk, Folk",US,"Jim Croce, Neil Diamond",F3,https://i.discogs.com/UTtbPadvztjyrMiAQY5YHcwu6UjXpGB9P-_1xigg5KQ/rs:fit/g:sm/q:90/h:600/w:596/czM6Ly9kaXNjb2dz/LWRhdGFiYXNlLWlt/YWdlcy9SLTE5NDcy/MTktMTI1NDUyMTI0/OC5qcGVn.jpeg,
Record,Living Room Suite,Harry Chapin,1978,"Rock, Acoustic, Country",Canada,"Jim Croce, Neil Diamond",F3,https://i.discogs.com/Wi4T7kyiMWW4R4cef2H5h-R3g_DMqmdH6gJarJ58uPE/rs:fit/g:sm/q:90/h:600/w:600/czM6Ly9kaXNjb2dz/LWRhdGFiYXNlLWlt/YWdlcy9SLTE4NDI1/MjItMTMzMjg5NDQw/Ny5qcGVn.jpeg,
Record,Short Stories,Harry Chapin,1973,"Rock, Soft Rolk, Folk",US,"Jim Croce, Neil Diamond",F3,https://upload.wikimedia.org/wikipedia/en/thumb/d/db/Short_Stories_LP.jpg/250px-Short_Stories_LP.jpg,
Record,Alone,Bill Champlin,1978,"Rock, Funk, Pop, Soul",US,David Pack,F3,https://i.discogs.com/70ess1YpqKVdDeq9T3Yf4aS1woMyIcp75qfcaKMv01A/rs:fit/g:sm/q:90/h:318/w:320/czM6Ly9kaXNjb2dz/LWRhdGFiYXNlLWlt/YWdlcy9SLTMxMTAx/NDctMTMxNjM0MjA3/NS5qcGVn.jpeg,
Record,Singing Rule Britannia,The Chameleons,1985,"Indie Rock, Post-Punk",UK,"The Cure, Joy Division",F3,https://www.discogs.com/release/1894505-The-Chameleons-Singing-Rule-Britannia-While-The-Walls-Close-In/image/SW1hZ2U6ODYxMzIxMQ==,
Record,What Does Anything Mean?,The Chameleons,1985,"Post-Punk, Gothic Rock",UK,"Interpol, The Cure",F3,https://www.discogs.com/master/5712-The-Chameleons-What-Does-Anything-Mean-Basically/image/SW1hZ2U6MzA4MDgxOQ==,
Record,Terror Has Some Strange Kinfolk,Eugene Chadbourne & Evan Johns,1993,"Alt Pop/Rock, Indie Rock",US,"Tom Waits, Captain Beefheart",F3,https://www.discogs.com/release/2072513-Eugene-Chadbourne-Evan-Johns-Terror-Has-Some-Strange-Kinfolk/image/SW1hZ2U6MjQ4MzcyMTM=,
Record,Vermin of the Blues,Eugene Chadbourne,1987,Experimental Rock,US,"Tom Waits, Captain Beefheart",F3,https://www.discogs.com/master/60849-Eugene-Chadbourne-With-Evan-Johns-The-H-Bombs-Vermin-Of-The-Blues/image/SW1hZ2U6MTA3NjA4MzQ=,
Record,Corpses of Foreign War,Eugene Chadbourne,1986,Art Rock,US,"Violent Femmes, Phil Ochs",F3,https://www.discogs.com/release/453128-Eugene-Chadbourne-Corpses-Of-Foreign-War/image/SW1hZ2U6NTEwMTk5,
Record,The Turgid Miasma of Existence,Celibate Rifles,1986,"Indie Rock, Garage Rock",Australia,"Radio Birdman, The Saints",F3,https://www.discogs.com/master/202122-The-Celibate-Rifles-The-Turgid-Miasma-Of-Existence/image/SW1hZ2U6MTE2NDkzOTE=,
Record,,,,,,,,,
Record,,,,,,,,,
Record,,,,,,,,,
Record,,,,,,,,,
Record,,,,,,,,,
Record,,,,,,,,,
Record,,,,,,,,,
Record,,,,,,,,,
Record,,,,,,,,,
Record,,,,,,,,,
Record,,,,,,,,,
Record,,,,,,,,,
Record,,,,,,,,,
Record,T Shirt,Louden Wainwright III,1976,Folk Rock,USA,,H3,https://upload.wikimedia.org/wikipedia/en/6/67/TShirtalbumcover.jpg,
Record,Nah=Poo-The Art of the Bluff,WAH! (Pete Wylie),1981,Rock,UK,,H3,https://upload.wikimedia.org/wikipedia/en/thumb/e/e9/Nah%3DPoo_–_The_Art_of_Bluff.jpeg/220px-Nah%3DPoo_–_The_Art_of_Bluff.jpeg,
Record,Love is the Law,The Suburbs,1983,Alt/New Wave,USA,,H3,https://upload.wikimedia.org/wikipedia/en/thumb/b/bd/Suburbsloveisthelaw.jpg/250px-Suburbsloveisthelaw.jpg,
Record,The Suburbs,The Suburbs,1986,Alt/New Wave,USA,,H3,https://upload.wikimedia.org/wikipedia/en/4/42/SuburbsTheSuburbs.jpg,
Record,Serpent,Styx,1980,Rock,USA,"REO Speedwagon, Forigner, ",H3,https://i.discogs.com/6HLym8NEJO89uOPj1XULIBOm4rtAz-oXazjbRk7cjr8/rs:fit/g:sm/q:90/h:477/w:482/czM6Ly9kaXNjb2dz/LWRhdGFiYXNlLWlt/YWdlcy9SLTE1ODAy/OTktMTIyOTkxMzE4/MS5qcGVn.jpeg,
Record,Internationalists,The Style Council,1985,Alt/Folk,UK,"The Jam, Sonic Youth, The Replacements",H3,https://i.ebayimg.com/00/s/MTYwMFgxNjAw/z/2RYAAOSw7sZkDIo8/$_57.JPG?set_id=880000500F,
Record,Roadmaster,Roadmaster,1976,Rock,USA,Todd Rundgren,H3,https://e.snmc.io/i/1200/s/4d68dfe06aa90cb79195bdf5636298b0/1967017,
Record,Scheheragade and other stories,Renaissance,1975,Rock,UK,,H3,https://upload.wikimedia.org/wikipedia/en/2/27/Scheherazade_and_Other_Stories_%28Renaissance_album_-_cover_art%29.jpg,
Record,Camera Camera,Renaissance,1981,Rock,UK,,H3,https://i.discogs.com/ltFZ7WB9K7FFhqRReRM_uMNf9iTW75CQ7-1TXeqDmes/rs:fit/g:sm/q:40/h:150/w:150/czM6Ly9kaXNjb2dz/LWRhdGFiYXNlLWlt/YWdlcy9SLTIwMjI0/MjctMTI2NjE1NDk3/My5qcGVn.jpeg,
Record,Novella,Renaissance,1977,Rock,UK,,H3,https://upload.wikimedia.org/wikipedia/en/thumb/2/2d/Renaissance_-_Novella_album_cover.jpg/250px-Renaissance_-_Novella_album_cover.jpg,
Record,The pursuit of happiness,One Sided Story,1990,Rock,Canada,,H3,https://upload.wikimedia.org/wikipedia/en/0/04/OneSidedStory.jpg,
Record,,,,,,,,,
Record,Mlah,Les Négresses Vertes,1988,Folk/Rock,France,Celia Cruz,F1,https://en.wikipedia.org/wiki/Mlah,
Record,I.A.B.F.,Les Thugs,1990,Rock,France,"The Stone Roses, Sonic Youth",F1,https://www.discogs.com/master/47256-Les-Thugs-IABF?srsltid=AfmBOorsgmS1c-TFPxXvrsRjLjxeUAaIDIHhY0SxPq6I3_o9fSkcVuQM,
Record,Martian Whores,Lethal Gospel,1986,Rock,US,"Ramones, Black Flag",F1,https://www.discogs.com/release/4530866-Lethal-Gospel-Martian-Whores?srsltid=AfmBOor35BMm08JYJKsMhcJw3jOl54VkEdpnEVcqeSaAtBt64tTZDAjS,
Record,,,,,,,,,
Record,,,,,,,,,
Record,,,,,,,,,
Record,,,,,,,,,
Record,,,,,,,,,
Record,,,,,,,,,
Record,,,,,,,,,
Record,,,,,,,,,
Record,,,,,,,,,
Record,,,,,,,,,
Record,,,,,,,,,
Record,,,,,,,,,
Record,,,,,,,,,
Record,Championship Wrestling,Al Kooper,1982,"Southern Rock, Soul, Funk",US,"Drive-By Truckers, My Morning Jacket, St. Paul & The Broken Bones, Alabama Shakes, Tedeschi Trucks Band",A2,https://is1-ssl.mzstatic.com/image/thumb/Music5/v4/12/da/a8/12daa885-7fc7-8b97-195a-4581b9f17352/886445103267.jpg/600x600bb.jpg,Been Filled
Record,Easy Does It,Al Kooper,1970,Rock,US,"Wilco, The Band, The Black Crowes, The Jayhawks, The Hold Steady",A2,https://is1-ssl.mzstatic.com/image/thumb/Features/3d/cb/43/dj.hygcaaxx.jpg/600x600bb.jpg,Been Filled
Record,Wild and Recluse,Bonnie Koloc,1978,Folk Rock,US,"Joanna Newsom, Sharon Van Etten, Big Thief, Waxahatchee, Angel Olsen",A2,https://lastfm.freetls.fastly.net/i/u/300x300/c98ff8f6e94a00d5e34e3912d659f2d6.jpg,Been Filled
Record,Hold On To Me,Bonnie Koloc,1972,"Folk Rock, Acoustic, Blues Rock",US,"Joni Mitchell, Laura Marling, Fleet Foxes, Iron & Wine, Nick Drake",A2,https://is1-ssl.mzstatic.com/image/thumb/Music116/v4/fa/4e/9e/fa4e9ea8-60b7-c838-60ab-dec2e98b2a01/196006016807.jpg/600x600bb.jpg,Been Filled
Record,Release,David Knopfler,1983,"Pop Rock, Ballad",UK,"Dire Straits, Mark Knopfler, Richard Thompson, Elvis Costello, Paul Simon",A2,https://is1-ssl.mzstatic.com/image/thumb/Music/a6/16/0a/mzi.szxydswy.jpg/600x600bb.jpg,Been Filled
Record,Revelations,Killing Joke,1982,Post-Punk,UK,"Joy Division, Bauhaus, The Fall, Gang of Four, Siouxsie and the Banshees",A2,https://is1-ssl.mzstatic.com/image/thumb/Music116/v4/ea/f0/45/eaf04563-47a7-8f7b-a6cf-a7c05cdc253a/5400863147082_cover.jpg/600x600bb.jpg,Been Filled
Record,My Father's Face,Leo Kottke,1989,Acoustic,Europe,"John Fahey, Bert Jansch, William Tyler, Steve Gunn, Daniel Bachman",A2,https://is1-ssl.mzstatic.com/image/thumb/Music/73/63/5e/mzi.xpyfflzu.jpg/600x600bb.jpg,Been Filled
Record,1971-1976,Leo Kottke,1976,"Country, Folk",UK,"Townes Van Zandt, John Prine, Guy Clark, Jason Isbell, Justin Townes Earle",A2,https://is1-ssl.mzstatic.com/image/thumb/Music211/v4/c1/f7/31/c1f731be-4ae8-bbee-6092-be605ab77252/24UMGIM79190.rgb.jpg/600x600bb.jpg,Been Filled
Record,My Feet Are Smiling,Leo Kottke,1973,Acoustic,US,"Bert Jansch, John Fahey, Ry Cooder, Bill Frisell, Marc Ribot",A2,https://is1-ssl.mzstatic.com/image/thumb/Music126/v4/0d/84/63/0d846341-59ed-0531-e852-611e8e27da27/23UMGIM84252.rgb.jpg/600x600bb.jpg,Been Filled
Record,Greenhouse,Leo Kottke,1972,"Folk Rock, Acoustic",US,"Nick Drake, John Martyn, Bert Jansch, Pentangle, Fairport Convention",A2,https://is1-ssl.mzstatic.com/image/thumb/Music116/v4/d4/59/87/d45987c5-6e30-03a3-344f-904b618081cd/23UMGIM71973.rgb.jpg/600x600bb.jpg,Been Filled
Record,Balance,Leo Kottke,1979,"Folk Rock, Acoustic",US,"Michael Hedges, Adrian Legg, Pierre Bensusan, Pat Metheny, Ralph Towner",A2,https://lastfm.freetls.fastly.net/i/u/300x300/6c3af6074f291292208ffb2ffa4cd64a.jpg,Been Filled
Record,From The Well,Peter Koppes,1989,Pop Rock,US,"The Church, The Go-Betweens, The Triffids, The Bats, The Chills",A2,https://is1-ssl.mzstatic.com/image/thumb/Music/2c/78/69/mzi.mmjarfxt.jpg/600x600bb.jpg,Been Filled
Record,Childhood's End,Al Kooper,1972,"Blues Rock, Rock & Roll",US,"The Black Keys, Gary Clark Jr., The Raconteurs, The Arcs, The Dead Weather",A2,https://is1-ssl.mzstatic.com/image/thumb/Features/d6/cf/53/dj.dpxxgerz.jpg/600x600bb.jpg,Been Filled
Record,From Barbarism to Christian Manhood,King Snake Roost,1989,"Alternative Rock, Noise Rock, Grunge",US,"The Jesus Lizard, Shellac, Big Black, The Melvins, Mudhoney",A2,https://lastfm.freetls.fastly.net/i/u/300x300/c014a4a432204cf6bd58dc249760b03a.jpg,Been Filled
Record,La Danza,La Danza,1999,Makina,Spain,"The Chemical Brothers, The Prodigy, Fatboy Slim, The Crystal Method, Daft Punk",A2,https://is1-ssl.mzstatic.com/image/thumb/Music211/v4/0d/e3/f3/0de3f388-3a48-f4f7-1e0c-4a529672f984/826194585495.png/600x600bb.jpg,Been Filled
Record,Greatest Hits,Kingsmen,1966,"Garage Rock, Rock & Roll",US,"The Sonics, The Stooges, MC5, The White Stripes, The Hives",A2,https://is1-ssl.mzstatic.com/image/thumb/Music211/v4/8f/b2/ac/8fb2ac88-d8f3-637f-fa38-bbe1c9ea3698/715187738522.png/600x600bb.jpg,Been Filled
Record,Close But No Guitar,King of Hearts,1978,Classic Rock,US,"Tom Petty, Bruce Springsteen, The War on Drugs, The Hold Steady, Drive-By Truckers",A2,https://is1-ssl.mzstatic.com/image/thumb/Music211/v4/82/58/24/82582405-96a9-16d7-2adb-7863e0b34afb/196872899689.jpg/600x600bb.jpg,Been Filled
Record,Trident,Kingfish,1976,"Folk Rock, Country Rock",US,"Grateful Dead, New Riders of the Purple Sage, The Band, Little Feat, The Allman Brothers Band",A2,https://lastfm.freetls.fastly.net/i/u/300x300/49176bff2e504fc6b2b9b0bb70dab54d.png,Been Filled
Record,Kingfish,Kingfish,1976,"Folk Rock, Country Rock",US,"Grateful Dead, Bob Weir, RatDog, The String Cheese Incident, Widespread Panic",A2,https://is1-ssl.mzstatic.com/image/thumb/Music125/v4/90/7b/ad/907bad7e-b612-abdc-5d35-bf76237147f0/330.jpg/600x600bb.jpg,Been Filled
Record,Blind,King Carcass,1990,"Alternative Rock, Noise",US,"Sonic Youth, Swans, Big Black, The Jesus Lizard, Shellac",A2,https://lastfm.freetls.fastly.net/i/u/300x300/79a68084a03c45abab999e29bd965710.png,Been Filled
Record,Mountain Moods,Larry Knechtel,1989,Contemporary Jazz,US,"Bill Frisell, Pat Metheny, John Scofield, Nels Cline, Marc Ribot",A2,https://lastfm.freetls.fastly.net/i/u/300x300/2e25eb15f4784ac5af3cf8a2849cedae.png,Been Filled
Record,A Wish for a Season,Kind Hearts and English,1976,"Acoustic, Vocal",UK,"Nick Drake, John Martyn, Bert Jansch, Richard Thompson, Sandy Denny",A2,https://is1-ssl.mzstatic.com/image/thumb/Music/27/b9/18/mzi.irgvieox.jpg/600x600bb.jpg,Been Filled
Record,Amazon Beach,Kings,1981,"New Wave, Garage Rock",Canada,"Devo, The Cars, The B-52's, Talking Heads, XTC",A2,https://is1-ssl.mzstatic.com/image/thumb/Music/y2005/m06/d15/h07/s05.bezonfdb.jpg/600x600bb.jpg,Been Filled
Record,They,King Missile,1988,Alternative Rock,US,"Ween, The Flaming Lips, Butthole Surfers, Primus, The Residents",A2,https://is1-ssl.mzstatic.com/image/thumb/Music221/v4/4d/52/e7/4d52e791-7e36-76e5-b7b1-c5e48fe58bd9/199900354037.jpg/600x600bb.jpg,Been Filled
Record,Danny Kirwan,Danny Kirwan,1976,"Folk Rock, Soft Rock, Pop Rock",US,"Fleetwood Mac, Lindsey Buckingham, Christine McVie, Stevie Nicks, Buckingham Nicks",A2,https://is1-ssl.mzstatic.com/image/thumb/Music115/v4/d2/48/f4/d248f4ae-a7e4-a48e-1588-6617de3e8d76/mzi.izeorbmm.jpg/600x600bb.jpg,Been Filled
Record,Hello There Big Boy,Danny Kirwan,1979,"Folk Rock, Soft Rock, Pop Rock",US,"Fleetwood Mac, Lindsey Buckingham, Christine McVie, Stevie Nicks, Buckingham Nicks",A2,https://i.discogs.com/uWyyB8UDxlUs1_5M4ZylHvDs20-_heRP6tQczc85rDE/rs:fit/g:sm/q:40/h:150/w:150/czM6Ly9kaXNjb2dz/LWRhdGFiYXNlLWlt/YWdlcy9SLTE3Nzgx/NTQtMTM1MjQwNTY2/NC01OTkxLmpwZWc.jpeg,Been Filled
Record,Superman,Kinks,1979,Pop Rock,US,"The Jam, The Who, The Small Faces, The Creation, The Pretty Things",A2,https://is1-ssl.mzstatic.com/image/thumb/Music116/v4/98/52/e5/9852e5e0-9c3e-b96a-5dfe-148381d7429b/4050538933789.jpg/600x600bb.jpg,Been Filled
Record,Live n Kickin,Kingfish,1977,Blues Rock,US,"Grateful Dead, New Riders of the Purple Sage, The Band, Little Feat, The Allman Brothers Band",A2,https://i.discogs.com/eLSbHi4ThpE0e5v2vsRmaiCjVOf1F7Qea8IhpV_rP20/rs:fit/g:sm/q:40/h:150/w:150/czM6Ly9kaXNjb2dz/LWRhdGFiYXNlLWlt/YWdlcy9SLTIzNzkz/NTktMTQ1ODgxNTg1/MS0xOTQxLmpwZWc.jpeg,Been Filled
Record,Things that play themselves,King Snake Roost,1989,"Alternative Rock, Noise Rock",US,"The Jesus Lizard, Shellac, Big Black, The Melvins, Mudhoney",A2,https://lastfm.freetls.fastly.net/i/u/300x300/2811d6e5cc0af9a906e51910cce136f7.jpg,Been Filled
Record,Dynamite From Nightmareland,Kill for Thrills,1990,Hard Rock,US,"Guns N' Roses, Mötley Crüe, Skid Row, Faster Pussycat, L.A. Guns",A2,https://lastfm.freetls.fastly.net/i/u/300x300/08ee7a5f9303443a9e3d704ff03c953c.jpg,Been Filled
Record,With the Naked Eye,Greg Kihn,1979,"New Wave, Pop Rock",US,"The Knack, The Romantics, The Plimsouls, The Beat, The Records",A2,https://is1-ssl.mzstatic.com/image/thumb/Music116/v4/26/26/af/2626afec-6707-52f2-0cf5-c6f1ff0d1e00/084854250873.png/600x600bb.jpg,Been Filled
Record,Rockihn Roll,Greg Kihn,0,Pop Rock,US,"The Knack, The Romantics, The Plimsouls, The Beat, The Records",A2,https://i.discogs.com/UAhWe5gDPYABP6KqM_IKpWAFW-RYZZn194AurA6k04Q/rs:fit/g:sm/q:40/h:150/w:150/czM6Ly9kaXNjb2dz/LWRhdGFiYXNlLWlt/YWdlcy9SLTQxMzc1/MDAtMTU4NDM2NDY2/NC00OTU3LmpwZWc.jpeg,Been Filled
Record,Next of Kihn,Greg Kihn,1978,"New Wave, Power Pop",US,"The Knack, The Romantics, The Plimsouls, The Beat, The Records",A2,https://is1-ssl.mzstatic.com/image/thumb/Music126/v4/64/7b/d4/647bd4cd-3514-1cc5-32d9-3c7af8fd2332/084854260254.png/600x600bb.jpg,Been Filled
Record,Kihntinued,Greg Kihn,1982,"New Wave, Power Pop, Pop Rock",US,"The Knack, The Romantics, The Plimsouls, The Beat, The Records",A2,https://is1-ssl.mzstatic.com/image/thumb/Music116/v4/07/a1/51/07a15141-095c-29ec-079b-1115f68b9c08/084854229305.png/600x600bb.jpg,Been Filled
Record,Spin the World,Royal Crescent Mob,1989,Indie Rock,US,"The Replacements, The Pixies, Dinosaur Jr., The Lemonheads, The Feelies",A2,https://lastfm.freetls.fastly.net/i/u/300x300/63a3c8e6951b4a2780d3054f3ca39de2.jpg,Been Filled
Record,David Johansen,David Johansen,1978,Pop Rock,US,"New York Dolls, Lou Reed, Iggy Pop, The Stooges, The Heartbreakers",A2,https://is1-ssl.mzstatic.com/image/thumb/Music124/v4/7f/c1/f8/7fc1f89a-fbca-9523-fa4c-060ff04e7205/mzi.glnmsihi.jpg/600x600bb.jpg,Been Filled
Record,Setting Sons,Jam,1979,Mod,UK,"The Who, The Kinks, The Small Faces, The Creation, The Pretty Things",A2,https://is1-ssl.mzstatic.com/image/thumb/Music118/v4/4c/ca/aa/4ccaaa1c-0dfc-b66b-1678-cdf2394bd2c3/00602547088390.rgb.jpg/600x600bb.jpg,Been Filled
Record,Dig the New Breed,The Jam,1982,"Mod, Punk",UK,"The Clash, The Buzzcocks, The Undertones, The Ruts, The Stranglers",A2,https://is1-ssl.mzstatic.com/image/thumb/Music128/v4/58/d8/8a/58d88aa8-0f5d-7ffc-ac84-2e769958f1a1/00042281004124.rgb.jpg/600x600bb.jpg,Been Filled
Record,British Singles,The Jam,2013,"Hip Hop, Rock",Canada,"The Clash, The Buzzcocks, The Undertones, The Ruts, The Stranglers",A2,https://is1-ssl.mzstatic.com/image/thumb/Music126/v4/1b/a9/5c/1ba95cac-b245-d386-63fb-6b857aa9dce8/634904078065.png/600x600bb.jpg,Been Filled
Record,No tie like a present,Jags,1981,"New Wave, Power Pop, Mod",US,"The Jam, The Undertones, The Chords, The Lambrettas, Secret Affair",A2,https://i.discogs.com/K0eugqXjCjM_E4Q9wwKOcfjYs-ZpVPHy6j7R5HANH0M/rs:fit/g:sm/q:40/h:150/w:150/czM6Ly9kaXNjb2dz/LWRhdGFiYXNlLWlt/YWdlcy9SLTEzNzc1/MTgtMTMyMzA1MjQ5/Ni5qcGVn.jpeg,Been Filled
Record,Love Like Blood,Killing Joke,1985,"New Wave, Post-Punk",UK,"Joy Division, Bauhaus, The Sisters of Mercy, The Cult, Siouxsie and the Banshees",A2,https://is1-ssl.mzstatic.com/image/thumb/Music126/v4/6c/75/92/6c7592b4-0430-8593-227e-44fcd2b10810/5400863147068_cover.jpg/600x600bb.jpg,Been Filled
Record,Eighties,Killing Joke,1984,"Post-Punk, Synth-pop",UK,"Joy Division, Bauhaus, The Sisters of Mercy, The Cult, Siouxsie and the Banshees",A2,https://is1-ssl.mzstatic.com/image/thumb/Music126/v4/6c/75/92/6c7592b4-0430-8593-227e-44fcd2b10810/5400863147068_cover.jpg/600x600bb.jpg,Been Filled
Record,Guts for Love,Garland Jeffreys,1982,Pop Rock,Europe,"Bruce Springsteen, Southside Johnny, Graham Parker, Joe Jackson, Elvis Costello",A2,https://is1-ssl.mzstatic.com/image/thumb/Music/v4/68/b3/57/68b357dc-87e4-054d-db19-c587b79c5265/886443497115.jpg/600x600bb.jpg,Been Filled
Record,Can You Feel It,Ray Barretto,1978,"Soul-Jazz, Funk, Disco",US,"Fela Kuti, James Brown, Parliament-Funkadelic, Sly & The Family Stone, War",A2,https://is1-ssl.mzstatic.com/image/thumb/Music/95/6e/d7/mzi.eulhflrr.jpg/600x600bb.jpg,Been Filled
Record,Another Age,The Jasmine Minks,1988,Indie Rock,UK,"The Smiths, The Wedding Present, The Housemartins, The Pastels, The June Brides",A2,https://is1-ssl.mzstatic.com/image/thumb/Music71/v4/80/60/e6/8060e62d-28af-4def-efb7-4d04962011bf/191018394691.jpg/600x600bb.jpg,Been Filled
Record,"One Two Three Four Five Six Seven, All Good Preachers Go To Heaven",Jasmine Minks,1984,"Lo-Fi, Indie Rock",UK,"The Smiths, The Wedding Present, The Housemartins, The Pastels, The June Brides",A2,https://i.discogs.com/kDhXDotUAZVY-7CpeWxPF97cxBHLUicGosvS2gsxmg8/rs:fit/g:sm/q:40/h:150/w:150/czM6Ly9kaXNjb2dz/LWRhdGFiYXNlLWlt/YWdlcy9SLTEwMTI2/NDItMTQ0MTYzNjU2/MS05MDk0LmpwZWc.jpeg,Been Filled
Record,Rosemary Lane,Bert Jansch,1979,"Folk, World, & Country",Spain,"Nick Drake, John Martyn, Pentangle, Fairport Convention, Richard Thompson",A2,https://is1-ssl.mzstatic.com/image/thumb/Music118/v4/ab/bf/84/abbf842b-991f-bad1-3120-e28da02a8614/4050538444506.jpg/600x600bb.jpg,Been Filled
Record,Lost Cause,Jandek,1992,Lo-Fi,US,"Daniel Johnston, The Mountain Goats, Smog, Palace Music, Silver Jews",A2,https://is1-ssl.mzstatic.com/image/thumb/Music124/v4/67/1e/bf/671ebf64-7b8e-40a1-0740-b737785ea4de/886448806776.jpg/600x600bb.jpg,Been Filled
Record,Blue Corpse,Jandek,1987,"Acoustic, Lo-Fi",US,"Daniel Johnston, The Mountain Goats, Smog, Palace Music, Silver Jews",A2,https://lastfm.freetls.fastly.net/i/u/300x300/9bb4f80471e24e6b94758c56a990b672.jpg,Been Filled
Record,Dream Hog,Suburbs,1982,Alternative Rock,US,"The Replacements, Hüsker Dü, The Feelies, The dB's, The Bongos",A2,https://i.discogs.com/MBa6fNCjbao-ARhFWobv_eqk0agUrxEjC0B0zc7HzUM/rs:fit/g:sm/q:40/h:150/w:150/czM6Ly9kaXNjb2dz/LWRhdGFiYXNlLWlt/YWdlcy9SLTE4ODA4/MDMtMTUxMTI1Njc3/MS04NTc3LmpwZWc.jpeg,Been Filled
Record,Mother of Destruction,Miracle Room,1990,"Post Rock, Noise Rock, Avantgarde",US,"Sonic Youth, Swans, Big Black, The Jesus Lizard, Shellac",A2,https://i.discogs.com/eIISEQY-AWYyhf9vVdARplXDyAurs2lCkSpT08DtPKY/rs:fit/g:sm/q:40/h:150/w:150/czM6Ly9kaXNjb2dz/LWRhdGFiYXNlLWlt/YWdlcy9SLTIwODEy/MTgtMTMyNzgyMzY1/Ni5qcGVn.jpeg,Been Filled
Record,Still Standing,Jason and the Scorchers,1986,Country Rock,US,"The Long Ryders, The Blasters, Lone Justice, Rank and File, Green on Red",A2,https://is1-ssl.mzstatic.com/image/thumb/Music6/v4/b6/0c/81/b60c8197-7403-fa19-6233-c100f4667ebe/00724354121050.jpg/600x600bb.jpg,Been Filled
Record,Lost and Found,Jason and the Scorchers,1985,"Alternative Rock, Country Rock, Rock & Roll",US,"The Long Ryders, The Blasters, Lone Justice, Rank and File, Green on Red",A2,https://is1-ssl.mzstatic.com/image/thumb/Music116/v4/f7/b9/c1/f7b9c105-1d77-d1ec-182c-71a4c16c90ae/23UMGIM61360.rgb.jpg/600x600bb.jpg,Been Filled
Record,Fervor,Jason and the Scorchers,1984,Country Rock,US,"The Long Ryders, The Blasters, Lone Justice, Rank and File, Green on Red",A2,https://is1-ssl.mzstatic.com/image/thumb/Music126/v4/46/56/50/465650e7-bf27-cd99-0790-ae590cbeab5a/23UMGIM61320.rgb.jpg/600x600bb.jpg,Been Filled
Record,Jasmine Minks,Jasmine Minks,1986,Indie Rock,UK,"The Smiths, The Wedding Present, The Housemartins, The Pastels, The June Brides",A2,https://is1-ssl.mzstatic.com/image/thumb/Music71/v4/80/60/e6/8060e62d-28af-4def-efb7-4d04962011bf/191018394691.jpg/600x600bb.jpg,Been Filled
Record,In Style,David Johansen,1979,"Pop Rock, Synth-pop",Europe,"New York Dolls, Lou Reed, Iggy Pop, The Stooges, The Heartbreakers",A2,https://is1-ssl.mzstatic.com/image/thumb/Music/c0/2c/f6/mzi.fkgtumrk.jpg/600x600bb.jpg,Been Filled
Record,From Luxury to Heartache,Culture Club,1986,"Europop, Synth-pop",Europe,"Duran Duran, Spandau Ballet, ABC, The Human League, Soft Cell",A2,https://is1-ssl.mzstatic.com/image/thumb/Music124/v4/b8/af/89/b8af8936-cb6d-526e-6ebd-80915cc662c3/00077778670452.jpg/600x600bb.jpg,Been Filled
Record,Illusions,Arthur Blythe,1980,"Free Jazz, Contemporary Jazz",US,"Ornette Coleman, John Coltrane, Albert Ayler, Pharoah Sanders, Sun Ra",A2,https://is1-ssl.mzstatic.com/image/thumb/Music111/v4/1f/92/84/1f9284c5-f2a6-2d98-47a6-6d1cdb552cb6/886446194400.jpg/600x600bb.jpg,Been Filled
Record,Burchfield Nines,Michael Franks,1978,"Ballad, Vocal",US,"Steely Dan, Donald Fagen, Boz Scaggs, Al Jarreau, Kenny Loggins",A2,https://is1-ssl.mzstatic.com/image/thumb/Music/3c/f5/8a/mzi.bfvdnefs.jpg/600x600bb.jpg,Been Filled
Record,Jazzateers,Jazzateers,1983,Indie Rock,UK,"Orange Juice, Aztec Camera, The Go-Betweens, The Smiths, The Bluebells",A2,https://is1-ssl.mzstatic.com/image/thumb/Music116/v4/48/e2/88/48e28894-197d-7ef9-8908-5087b3d8f17a/5013929162235.jpg/600x600bb.jpg,Been Filled
Record,Thunder and Fire,Jason and the Scorchers,1989,"Hard Rock, Southern Rock, Blues Rock",Europe,"The Black Crowes, The Georgia Satellites, The Fabulous Thunderbirds, Stevie Ray Vaughan, The Allman Brothers Band",A2,https://is1-ssl.mzstatic.com/image/thumb/Music118/v4/b0/be/7b/b0be7b44-9108-a950-f5f5-fd14a8e73a23/00075021526426.rgb.jpg/600x600bb.jpg,Been Filled
Record,Like Gangbusters,Joboxers,1983,"New Wave, Pop Rock",Europe,"Madness, The Specials, The Beat, The Selecter, The Bodysnatchers",A2,https://is1-ssl.mzstatic.com/image/thumb/Music112/v4/11/33/7a/11337a8a-bc2f-ab0e-d2ee-e9a5c57bbf60/886443350465.jpg/600x600bb.jpg,Been Filled
Record,Still Life,Jiva,1978,Pop Rock,US,"The Raspberries, Badfinger, Big Star, The Knack, The Records",A2,https://lastfm.freetls.fastly.net/i/u/300x300/e4c75b3d41343ca22fec50267c41502f.jpg,Been Filled
Record,Sundown on Venus,The Jet Black Berries,1984,"New Wave, Country Rock, Goth Rock, Punk, Rock & Roll",US,"The Cramps, The Gun Club, The Fleshtones, The Fuzztones, The Lyres",A2,https://is1-ssl.mzstatic.com/image/thumb/Music124/v4/93/9f/f5/939ff5f0-ac7d-9159-e54b-6632c569b9b4/193428637047.jpg/600x600bb.jpg,Been Filled
Record,Never Enough,Jesus Jones,2002,"Alternative Rock, Synth-pop, Breakbeat, Electro",UK,"EMF, The Shamen, Pop Will Eat Itself, The Farm, The Happy Mondays",A2,https://is1-ssl.mzstatic.com/image/thumb/Music118/v4/af/07/f3/af07f347-b520-99a8-e575-a82664587480/888072068360.jpg/600x600bb.jpg,Been Filled
Record,Liquidizer,Jesus Jones,1989,"Alternative Rock, Industrial, Indie Rock",UK,"EMF, The Shamen, Pop Will Eat Itself, The Farm, The Happy Mondays",A2,https://is1-ssl.mzstatic.com/image/thumb/Music6/v4/c5/34/6c/c5346c65-476b-d95d-80ea-0d576aa823f6/0077779323852_1415x1415_300dpi.jpg/600x600bb.jpg,Been Filled
Record,Info Psycho,Jesus Jones,1989,Alternative Rock,UK,"EMF, The Shamen, Pop Will Eat Itself, The Farm, The Happy Mondays",A2,https://i.discogs.com/lkn7Kc2nF1oj9mIWNC8iT4cOlEtRki2ORSrr5WmAo0s/rs:fit/g:sm/q:40/h:150/w:150/czM6Ly9kaXNjb2dz/LWRhdGFiYXNlLWlt/YWdlcy9SLTU2NDI0/NC0xMTMyMDI3ODA1/LmpwZWc.jpeg,Been Filled
Record,Somebody Else's Dream,Jerry Kelly,1978,Pop Rock,US,"Billy Joel, Elton John, Paul Simon, James Taylor, Jackson Browne",A2,https://i.discogs.com/A94bswvxzU-nuSsZvolRZC4-E9RNppn3s_XVw6ogTsM/rs:fit/g:sm/q:40/h:150/w:150/czM6Ly9kaXNjb2dz/LWRhdGFiYXNlLWlt/YWdlcy9SLTI1MzQ0/NjItMTM1Mzk3OTEz/NC03NzQxLmpwZWc.jpeg,Been Filled
Record,Big World,Joe Jackson,1986,Pop Rock,Germany,"Elvis Costello, Graham Parker, Nick Lowe, Squeeze, The Pretenders",A2,https://is1-ssl.mzstatic.com/image/thumb/Music125/v4/8f/36/05/8f3605d8-7efc-9505-9dca-42e687d1e058/00602547387899.rgb.jpg/600x600bb.jpg,Been Filled
Record,Beat Crazy,Joe Jackson,1980,"Power Pop, Ska",Europe,"Elvis Costello, Graham Parker, Nick Lowe, Squeeze, The Pretenders",A2,https://is1-ssl.mzstatic.com/image/thumb/Music118/v4/cb/f6/d9/cbf6d9a4-c416-9f0e-d69c-b5dded238a63/00075021324121.rgb.jpg/600x600bb.jpg,Been Filled
Record,Ghost Writer,Garland Jeffreys,1977,"Pop Rock, Rock & Roll",US,"Bruce Springsteen, Southside Johnny, Graham Parker, Joe Jackson, Elvis Costello",A2,https://is1-ssl.mzstatic.com/image/thumb/Music124/v4/52/04/df/5204df68-eca4-cd19-cce0-2bf3e7169b45/00602537189793.rgb.jpg/600x600bb.jpg,Been Filled
Record,The Human Jungle,The Jazz Butcher,1985,"Blues Rock, New Wave",UK,"The Fall, The Teardrop Explodes, Echo & The Bunnymen, The Psychedelic Furs, The Chameleons",A2,https://lastfm.freetls.fastly.net/i/u/300x300/ca2cc28f6876472aa8fde702330e4a48.jpg,Been Filled
Record,Conspiracy,The Jazz Butcher,1986,Alternative Rock,UK,"The Fall, The Teardrop Explodes, Echo & The Bunnymen, The Psychedelic Furs, The Chameleons",A2,https://is1-ssl.mzstatic.com/image/thumb/Features/38/48/32/dj.qedanbav.jpg/600x600bb.jpg,Been Filled
Record,Gotta Let This Hen Out,Robyn Hitchcock and the Egyptians,1985,Alternative Rock,US,"The Soft Boys, XTC, The dB's, The Feelies, The Bongos",A2,https://is1-ssl.mzstatic.com/image/thumb/Music116/v4/b5/b3/c1/b5b3c1c3-346a-5daf-a9f9-77ba8a0de0c9/634457261723.jpg/600x600bb.jpg,Been Filled
Record,Fegmania,Robyn Hitchcock and the Egyptians,1985,"Alternative Rock, Indie Rock",UK,"The Soft Boys, XTC, The dB's, The Feelies, The Bongos",A2,https://is1-ssl.mzstatic.com/image/thumb/Music126/v4/84/c3/e6/84c3e621-3f32-6dbd-e6f2-6fcfe709a14e/634457261525.jpg/600x600bb.jpg,Been Filled
Record,Exploding in Silence,Robyn Hitchcock,1986,"Psychedelic Rock, Indie Rock",US,"The Soft Boys, XTC, The dB's, The Feelies, The Bongos",A2,https://i.discogs.com/P41WZiKLTQB1axedrmc5Q0fn3Hmh78Leze6MfVJ7dxw/rs:fit/g:sm/q:40/h:150/w:150/czM6Ly9kaXNjb2dz/LWRhdGFiYXNlLWlt/YWdlcy9SLTE2MDU3/MDMtMTI5OTQ1ODM0/Mi5qcGVn.jpeg,Been Filled
Record,Night and Day,Joe Jackson,1982,"New Wave, Pop Rock",Europe,"Elvis Costello, Graham Parker, Nick Lowe, Squeeze, The Pretenders",A2,https://is1-ssl.mzstatic.com/image/thumb/Music124/v4/d5/41/93/d54193af-cb6a-23c1-c39a-1f778b013163/00602498012314.rgb.jpg/600x600bb.jpg,Been Filled
Record,Honk,Honk,1974,"Psychedelic Rock, Prog Rock, Blues Rock, Soft Rock",US,"Little Feat, The Allman Brothers Band, The Band, The Grateful Dead, The Doobie Brothers",A2,https://is1-ssl.mzstatic.com/image/thumb/Music211/v4/1b/2a/2b/1b2a2b64-dd96-f8bf-a87e-74cfe09e5514/8720923230217.png/600x600bb.jpg,Been Filled
Record,The Original Soundtrack from Five Summer Stories,Honk,2005,Stage & Screen,US,"Little Feat, The Allman Brothers Band, The Band, The Grateful Dead, The Doobie Brothers",A2,https://is1-ssl.mzstatic.com/image/thumb/Music/f0/fb/d0/mzi.mzyndwna.jpg/600x600bb.jpg,Been Filled
Record,The Tin Man was a Dreamer,Nicky Hopkins,1973,Pop Rock,US,"The Rolling Stones, The Beatles, The Who, The Kinks, The Faces",A2,https://is1-ssl.mzstatic.com/image/thumb/Music221/v4/ff/1d/1d/ff1d1d8e-7ace-7b46-52f0-050a45e26b04/artwork.jpg/600x600bb.jpg,Been Filled
Record,Blaze of Glory,Joe Jackson,1989,"Alternative Rock, New Wave, Pop Rock, Ballad, Soul-Jazz",Europe,"Elvis Costello, Graham Parker, Nick Lowe, Squeeze, The Pretenders",A2,https://is1-ssl.mzstatic.com/image/thumb/Music115/v4/a0/cd/01/a0cd01ca-f0bf-f7a5-7e55-0359423e3be2/00075021524927.rgb.jpg/600x600bb.jpg,Been Filled
Record,Aliens,Horslips,1977,"Folk Rock, Prog Rock",UK,"Jethro Tull, Fairport Convention, Steeleye Span, Pentangle, The Incredible String Band",A2,https://is1-ssl.mzstatic.com/image/thumb/Music116/v4/da/84/06/da8406c6-4716-32a9-ad4c-dbd72e98a1a6/190374216128.png/600x600bb.jpg,Been Filled
Record,The Book of Invasions,Horslips,1976,"Folk Rock, Prog Rock",UK,"Jethro Tull, Fairport Convention, Steeleye Span, Pentangle, The Incredible String Band",A2,https://is1-ssl.mzstatic.com/image/thumb/Music112/v4/b8/7d/49/b87d497e-0e05-5976-811a-23480b33779f/190374216104.png/600x600bb.jpg,Been Filled
Record,Rock and Roll Adult,Garland Jeffreys,1981,Blues Rock,Europe,"Bruce Springsteen, Southside Johnny, Graham Parker, Joe Jackson, Elvis Costello",A2,https://is1-ssl.mzstatic.com/image/thumb/Music/v4/db/fd/54/dbfd5435-e938-cc7b-072d-29cd2e4c571b/886443497108.jpg/600x600bb.jpg,Been Filled
Record,Ol' Waylon,Waylon Jennings,1977,"Folk Rock, Country",US,"Willie Nelson, Johnny Cash, Kris Kristofferson, Merle Haggard, David Allan Coe",A2,https://is1-ssl.mzstatic.com/image/thumb/Music125/v4/b6/f7/49/b6f749c6-5d5c-cc69-73ec-4c7f26358a2c/828765726726.jpg/600x600bb.jpg,Been Filled
Record,Perspex Island,Robyn Hitchcock and the Egyptians,1991,"Alternative Rock, Psychedelic Rock, Jangle Pop",US,"The Soft Boys, XTC, The dB's, The Feelies, The Bongos",A2,https://is1-ssl.mzstatic.com/image/thumb/Music126/v4/e5/35/d5/e535d51c-93c8-fe63-a421-25eb863aa441/23UMGIM36971.rgb.jpg/600x600bb.jpg,Been Filled
Record,Queen Elvis,Robyn Hitchcock and the Egyptians,1989,Alternative Rock,US,"The Soft Boys, XTC, The dB's, The Feelies, The Bongos",A2,https://is1-ssl.mzstatic.com/image/thumb/Music126/v4/5d/80/0e/5d800e46-3141-4e0d-feb2-1c443fa0b0cc/23UMGIM37052.rgb.jpg/600x600bb.jpg,Been Filled
Record,One Long Pair of Eyes,Robyn Hitchcock,1989,Rock,US,"The Soft Boys, XTC, The dB's, The Feelies, The Bongos",A2,https://is1-ssl.mzstatic.com/image/thumb/Music126/v4/5d/80/0e/5d800e46-3141-4e0d-feb2-1c443fa0b0cc/23UMGIM37052.rgb.jpg/600x600bb.jpg,Been Filled
Record,Ocean Side,Robyn Hitchcock and the Egyptians,1991,Alternative Rock,US,"The Soft Boys, XTC, The dB's, The Feelies, The Bongos",A2,https://is1-ssl.mzstatic.com/image/thumb/Music118/v4/90/42/9d/90429d1a-b6ef-da95-f2b2-63f3d4003dde/00731454057028.rgb.jpg/600x600bb.jpg,Been Filled
Record,Hot Air,Jackdaw with Crowbar,1988,"Alternative Rock, Dub",UK,"The Pop Group, The Slits, The Raincoats, The Fall, The Mekons",A2,https://lastfm.freetls.fastly.net/i/u/300x300/980e842c0af849f8bccd6c65b99674de.jpg,Been Filled
Record,Love American Style,Honeymoon Killers,1985,Alternative Rock,US,"The Gun Club, The Cramps, The Fuzztones, The Lyres, The Fleshtones",A2,https://i.discogs.com/uRertOgDQjv4NP64wKoArClUgtmca5duROtBS8NHjrI/rs:fit/g:sm/q:40/h:150/w:150/czM6Ly9kaXNjb2dz/LWRhdGFiYXNlLWlt/YWdlcy9SLTEzNDkw/NzQtMTI5NDg1OTcy/NS5qcGVn.jpeg,Been Filled
Record,Heaven,Robyn Hitchcock and the Egyptians,1985,Rock,UK,"The Soft Boys, XTC, The dB's, The Feelies, The Bongos",A3,https://is1-ssl.mzstatic.com/image/thumb/Music221/v4/b7/90/b5/b790b51e-1387-ac3f-8db4-0b6ad64bdeab/199538619188.jpg/600x600bb.jpg,Been Filled
Record,Often Dream of Trains,Robyn Hitchcock,1984,"Alternative Rock, Acoustic, Experimental",UK,"The Soft Boys, XTC, The dB's, The Feelies, The Bongos",A3,https://is1-ssl.mzstatic.com/image/thumb/Music116/v4/4d/83/cc/4d83ccbd-8a7d-8647-b574-315e10bd20f3/634457261228.jpg/600x600bb.jpg,Been Filled
Record,Every Day is a Holiday,The Holidays,1990,Alternative Rock,US,"The Replacements, The Pixies, Dinosaur Jr., The Lemonheads, The Feelies",A3,https://is1-ssl.mzstatic.com/image/thumb/Music112/v4/4f/aa/82/4faa8252-4169-17a6-5472-aae0b078833e/859766177712_cover.jpg/600x600bb.jpg,Been Filled
Record,Messenger of the Gods,Mofungo,1986,Avantgarde,US,"Sonic Youth, Swans, Big Black, The Jesus Lizard, Shellac",A3,https://i.discogs.com/u6rI0MBGqPBe3tmCC33iZFjb5338P8jKhkW6dGGmelk/rs:fit/g:sm/q:40/h:150/w:150/czM6Ly9kaXNjb2dz/LWRhdGFiYXNlLWlt/YWdlcy9SLTEzNDQx/NzYtMTIxMTM2Mjk0/Ni5qcGVn.jpeg,Been Filled
Record,Bradley's Barn,Beau Brummels,1968,"Folk Rock, Country Rock, Psychedelic Rock",US,"The Byrds, The Flying Burrito Brothers, The Buffalo Springfield, The Lovin' Spoonful, The Mamas & The Papas",A3,https://is1-ssl.mzstatic.com/image/thumb/Music/y2005/m05/d12/h13/s06.vvovcvho.jpg/600x600bb.jpg,Been Filled
Record,Best Of,Beau Brummels,1981,"Folk Rock, Country Rock",US,"The Byrds, The Flying Burrito Brothers, The Buffalo Springfield, The Lovin' Spoonful, The Mamas & The Papas",A3,https://is1-ssl.mzstatic.com/image/thumb/Music/2e/94/19/mzi.jqzlfbbm.jpg/600x600bb.jpg,Been Filled
Record,Axe Victim,Be-bop Deluxe,1974,"Art Rock, Prog Rock, Glam",UK,"Roxy Music, David Bowie, T. Rex, Mott the Hoople, Sparks",A3,https://is1-ssl.mzstatic.com/image/thumb/Music221/v4/7e/fd/96/7efd9622-11c3-87f5-c507-4a67c0df8863/5037300817293.jpg/600x600bb.jpg,Been Filled
Record,Last in Austin,Mark Benno,1979,"Blues Rock, Texas Blues",US,"Stevie Ray Vaughan, Johnny Winter, ZZ Top, The Fabulous Thunderbirds, Jimmie Vaughan",A3,https://i.discogs.com/LUMNGANQ5deugI9x0etyOI9-U953NsmzvrQvcPufCr0/rs:fit/g:sm/q:40/h:150/w:150/czM6Ly9kaXNjb2dz/LWRhdGFiYXNlLWlt/YWdlcy9SLTI1OTY4/NzYtMTI5MjM1OTkx/MC5qcGVn.jpeg,Been Filled
Record,The Hometown Band,The Hometown Band,1976,Folk Rock,Canada,"The Band, The Guess Who, The Tragically Hip, The Sheepdogs, Blue Rodeo",A3,https://is1-ssl.mzstatic.com/image/thumb/Music/50/20/46/mzi.pkzbieec.jpg/600x600bb.jpg,Been Filled
Record,Bout with the Blues,Catfish Hodge,1981,Blues Rock,US,"Stevie Ray Vaughan, Johnny Winter, ZZ Top, The Fabulous Thunderbirds, Jimmie Vaughan",A3,https://i.discogs.com/LFM4mnbtq6U6_LXhGSa2lvoWKf_UEt2-2DKLqIMeK1g/rs:fit/g:sm/q:40/h:150/w:150/czM6Ly9kaXNjb2dz/LWRhdGFiYXNlLWlt/YWdlcy9SLTMwNjI2/NjQtMTMzNDM3MzEy/NC5qcGVn.jpeg,Been Filled
Record,Eye,Robyn Hitchcock,1990,"Psychedelic Rock, Indie Rock",US,"The Soft Boys, XTC, The dB's, The Feelies, The Bongos",A3,https://is1-ssl.mzstatic.com/image/thumb/Music116/v4/4b/89/00/4b8900fe-b224-b45a-ef8d-9d06b6821c26/634457261327.jpg/600x600bb.jpg,Been Filled
Record,Heart Don't Lie,La Toya Jackson,1984,"Funk, Synth-pop, Disco",US,"Janet Jackson, Madonna, Prince, Michael Jackson, Diana Ross",A3,https://is1-ssl.mzstatic.com/image/thumb/Music4/v4/f0/da/bb/f0dabbbc-64eb-f6a8-a85b-e98e63a8f612/886444356329.jpg/600x600bb.jpg,Been Filled
Record,Imagination,La Toya Jackson,1986,"Synth-pop, Funk",US,"Janet Jackson, Madonna, Prince, Michael Jackson, Diana Ross",A3,https://is1-ssl.mzstatic.com/image/thumb/Music/v4/1a/11/38/1a113809-6344-2417-46a8-932c48c0203f/886444356381.jpg/600x600bb.jpg,Been Filled
Record,Evening Standards,Jags,1980,"New Wave, Power Pop",US,"The Jam, The Undertones, The Chords, The Lambrettas, Secret Affair",A3,https://i.discogs.com/xSZribHv0XXrRuBr8X1m8ZLL2O-Sb_H31JyavnkAxAo/rs:fit/g:sm/q:40/h:150/w:150/czM6Ly9kaXNjb2dz/LWRhdGFiYXNlLWlt/YWdlcy9SLTE4MDU4/ODgtMTM3ODE5MjU5/NC04MTIyLmpwZWc.jpeg,Been Filled
Record,Globe of Frogs,Robyn Hitchcock and the Egyptians,1988,Alternative Rock,US,"The Soft Boys, XTC, The dB's, The Feelies, The Bongos",A3,https://is1-ssl.mzstatic.com/image/thumb/Music221/v4/b7/90/b5/b790b51e-1387-ac3f-8db4-0b6ad64bdeab/199538619188.jpg/600x600bb.jpg,Been Filled
Record,A Crazy Steal,Hollies,1977,"Pop Rock, Ballad",Germany,"The Beatles, The Byrds, The Beach Boys, The Zombies, The Kinks",A3,https://is1-ssl.mzstatic.com/image/thumb/Music221/v4/c5/5f/0a/c55f0a27-adaf-3954-0179-3229de776c22/0825646193189.jpg/600x600bb.jpg,Been Filled
Record,Russian Roulette,Hollies,1976,"Pop Rock, Soft Rock",UK,"The Beatles, The Byrds, The Beach Boys, The Zombies, The Kinks",A3,https://is1-ssl.mzstatic.com/image/thumb/Music221/v4/6d/4e/6a/6d4e6aa0-2117-56c2-1d19-ccced480fba9/4099964216790.jpg/600x600bb.jpg,Been Filled
Record,Words and Music By Bob Dylan,Hollies,1969,Folk Rock,US,"The Byrds, The Band, Fairport Convention, Pentangle, The Lovin' Spoonful",A3,https://is1-ssl.mzstatic.com/image/thumb/Music113/v4/40/0b/4c/400b4c90-7018-9f7e-7103-23cc5cc81986/886447989555.jpg/600x600bb.jpg,Been Filled
Record,Abandoned,Hollow Heyday,1989,"Alternative Rock, Punk",US,"The Replacements, Hüsker Dü, The Feelies, The dB's, The Bongos",A3,https://lastfm.freetls.fastly.net/i/u/300x300/3944dfe22bf4aaee0b70b3bb0b4484ab.jpg,Been Filled
Record,Cresta,The Hollow Men,1990,Indie Rock,UK & Europe,"The Smiths, The Wedding Present, The Housemartins, The Pastels, The June Brides",A3,https://is1-ssl.mzstatic.com/image/thumb/Music69/v4/ea/50/4b/ea504b0c-29dd-ce6e-157c-487513b19beb/886445744880.jpg/600x600bb.jpg,Been Filled
Record,History and Geography,Home and Garden,1984,"New Wave, Art Rock, Minimal",US,"Talking Heads, Devo, The Residents, The B-52's, Pere Ubu",A3,https://is1-ssl.mzstatic.com/image/thumb/Music6/v4/02/44/d8/0244d82f-6ea1-29fc-23ee-e0d08124d109/888003914650.jpg/600x600bb.jpg,Been Filled
Record,Dancehall Sweethearts,Horslips,1974,"Folk Rock, Psychedelic Rock, Classic Rock",UK,"Jethro Tull, Fairport Convention, Steeleye Span, Pentangle, The Incredible String Band",A3,https://is1-ssl.mzstatic.com/image/thumb/Music126/v4/9e/99/d0/9e99d054-b3dc-ce6f-1efb-756a3d6fe524/190374216067.png/600x600bb.jpg,Been Filled
Record,Drive the Cold Winter Away,Horslips,1975,"Acoustic, Folk, Celtic, Holiday",Ireland,"Jethro Tull, Fairport Convention, Steeleye Span, Pentangle, The Incredible String Band",A3,https://is1-ssl.mzstatic.com/image/thumb/Music112/v4/6b/8c/cd/6b8ccd78-de82-0799-34d5-ef7db3d14b78/190374216081.png/600x600bb.jpg,Been Filled
Record,Live It Up,David Johansen,2008,New Wave,UK,"New York Dolls, Lou Reed, Iggy Pop, The Stooges, The Heartbreakers",A3,https://is1-ssl.mzstatic.com/image/thumb/Music118/v4/3e/2f/e5/3e2fe5a1-ba6c-1301-91d2-5edbad24ba10/886446937601.jpg/600x600bb.jpg,Been Filled
Record,Been Caught Stealin,Jane's Addiction,1990,Alternative Rock,US,"Red Hot Chili Peppers, Faith No More, Soundgarden, Alice in Chains, Pearl Jam",A3,https://is1-ssl.mzstatic.com/image/thumb/Music/v4/38/f8/89/38f8893a-bf4b-3b21-132e-6fda27fb278b/Cover.jpg/600x600bb.jpg,Been Filled
Record,Sit Down,James,1991,Indie Rock,UK,"The Smiths, The Stone Roses, Happy Mondays, Inspiral Carpets, The Charlatans",A3,https://is1-ssl.mzstatic.com/image/thumb/Music114/v4/ce/52/4a/ce524ac5-543c-5ee4-f934-2184b5fad689/00028943162524.rgb.jpg/600x600bb.jpg,Been Filled
Record,Rides Again,James Gang,1970,Classic Rock,US,"Joe Walsh, The Eagles, The Allman Brothers Band, Lynyrd Skynyrd, The Doobie Brothers",A3,https://is1-ssl.mzstatic.com/image/thumb/Music124/v4/3f/ab/d8/3fabd821-8b01-94ee-dc61-b25ec86b969b/06UMGIM12677.rgb.jpg/600x600bb.jpg,Been Filled
Record,Hollies,The Hollies,1974,"Soft Rock, Pop Rock",US,"The Beatles, The Byrds, The Beach Boys, The Zombies, The Kinks",A3,https://is1-ssl.mzstatic.com/image/thumb/Music/39/31/4b/mzi.siugmvbc.jpg/600x600bb.jpg,Been Filled
Record,Back with a Bong,Murphy's Law,1994,"Hardcore, Punk",US,"Bad Brains, Agnostic Front, Cro-Mags, Sick of It All, Gorilla Biscuits",A3,https://is1-ssl.mzstatic.com/image/thumb/Music114/v4/d6/57/4a/d6574a69-9525-4c84-1a1d-cd046f07228b/195497242184.jpg/600x600bb.jpg,Been Filled
Record,A Question of Balance,Moody Blues,1970,Prog Rock,UK,"Pink Floyd, Yes, Genesis, King Crimson, Emerson Lake & Palmer",A3,https://is1-ssl.mzstatic.com/image/thumb/Music125/v4/7c/32/b7/7c32b7d2-330e-5f16-8e48-6bccec52445f/00600753066263.rgb.jpg/600x600bb.jpg,Been Filled
Record,Someone's Got to Give,Moodists,1987,"Blues Rock, Alternative Rock, Indie Rock",UK,"The Go-Betweens, The Triffids, The Church, The Bats, The Chills",A3,https://i.discogs.com/BzP6mMMAeuzkJripdMfZUfKHcgeScv3q0fzuHfgaC8k/rs:fit/g:sm/q:40/h:150/w:150/czM6Ly9kaXNjb2dz/LWRhdGFiYXNlLWlt/YWdlcy9SLTEwNDk4/MDItMTIzMTM2MDYy/Ny5qcGVn.jpeg,Been Filled
Record,Tonight We Ride,Michael Murphey,1986,Country,US,"Willie Nelson, Waylon Jennings, Johnny Cash, Kris Kristofferson, Merle Haggard",A3,https://is1-ssl.mzstatic.com/image/thumb/Music124/v4/1a/15/d9/1a15d91e-b76d-2317-5fe7-a5304f0aa87c/5059460074682.jpg/600x600bb.jpg,Been Filled
Record,The Jealous Kind,Delbert Mcclinton,1980,"Rhythm & Blues, Bayou Funk",US,"Dr. John, Little Feat, The Band, The Allman Brothers Band, The Neville Brothers",A3,https://is1-ssl.mzstatic.com/image/thumb/Music211/v4/f4/a5/d0/f4a5d09d-4e10-8c7b-9a31-142d897422a0/25UM1IM68838.rgb.jpg/600x600bb.jpg,Been Filled
Record,Crippled Children Suck,The Meatmen,1990,"Hardcore, Punk",US,"Dead Kennedys, Black Flag, Minor Threat, Bad Brains, Circle Jerks",A3,https://is1-ssl.mzstatic.com/image/thumb/Music60/v4/f1/5f/14/f15f1402-a4eb-6f51-6554-6743a547cd59/cover.jpg/600x600bb.jpg,Been Filled
Record,Marseille,Marseille,1979,Hard Rock,UK,"Thin Lizzy, UFO, Judas Priest, Rainbow, Whitesnake",A3,https://is1-ssl.mzstatic.com/image/thumb/Music124/v4/ec/f5/45/ecf545c0-24bd-90de-7639-3069e648c51d/075679804938.jpg/600x600bb.jpg,Been Filled
Record,Disturbing the Peace,Little Charlie and the Nightcats,1988,Blues Rock,US,"Stevie Ray Vaughan, Johnny Winter, ZZ Top, The Fabulous Thunderbirds, Jimmie Vaughan",A3,https://is1-ssl.mzstatic.com/image/thumb/Features/de/1a/e0/dj.bxzgkaus.jpg/600x600bb.jpg,Been Filled
Record,The Big Break,Little Charlie and the Nightcats,1989,"Rock & Roll, Rhythm & Blues",UK & Europe,"Stevie Ray Vaughan, Johnny Winter, ZZ Top, The Fabulous Thunderbirds, Jimmie Vaughan",A3,https://is1-ssl.mzstatic.com/image/thumb/Features/f1/9b/0c/dj.bipuimdw.jpg/600x600bb.jpg,Been Filled
Record,Nicely Out of Tune,Lindisfarne,1970,Folk Rock,UK,"Fairport Convention, Steeleye Span, Pentangle, The Incredible String Band, Jethro Tull",A3,https://is1-ssl.mzstatic.com/image/thumb/Music6/v4/f7/4b/52/f74b523c-ddb6-80a8-00f3-fa9f8ca9ccaf/00724357990257.jpg/600x600bb.jpg,Been Filled
Record,Fog on the Tyne,Lindisfarne,1971,Folk Rock,UK,"Fairport Convention, Steeleye Span, Pentangle, The Incredible String Band, Jethro Tull",A3,https://is1-ssl.mzstatic.com/image/thumb/Music124/v4/35/30/3d/35303d15-1754-1bf3-26ef-e6a1fa59cb3c/00724357990356.jpg/600x600bb.jpg,Been Filled
Record,Weirdo Libido,Lime Spiders,1987,Garage Rock,Australia,"The Scientists, The Hoodoo Gurus, The Stems, The Church, Radio Birdman",A3,https://lastfm.freetls.fastly.net/i/u/300x300/687c21be475641f8c15d7bd5fd516fae.png,Been Filled
Record,Slave Girl,Lime Spiders,1984,Garage Rock,Australia,"The Scientists, The Hoodoo Gurus, The Stems, The Church, Radio Birdman",A3,https://is1-ssl.mzstatic.com/image/thumb/Music221/v4/fa/95/ea/fa95eaed-f17f-f51b-1e72-0cc2733b673f/cover.jpg/600x600bb.jpg,Been Filled
Record,Very Best Of,Dave Mason,1978,Classic Rock,US,"Traffic, Blind Faith, The Rolling Stones, The Who, The Kinks",A3,https://is1-ssl.mzstatic.com/image/thumb/Music124/v4/7d/5b/04/7d5b0401-b944-b628-8eb2-d0cb49fb6ca5/603497925599.jpg/600x600bb.jpg,Been Filled
Record,Is Alive,Dave Mason,1973,Folk Rock,US,"Traffic, Blind Faith, The Rolling Stones, The Who, The Kinks",A3,https://is1-ssl.mzstatic.com/image/thumb/Music122/v4/17/79/e7/1779e7c5-95ac-dceb-2e77-bfb3ac895967/22UMGIM43336.rgb.jpg/600x600bb.jpg,Been Filled
Record,Second Sight,Lonnie Mack,1986,"Chicago Blues, Modern Electric Blues",US,"Stevie Ray Vaughan, Johnny Winter, ZZ Top, The Fabulous Thunderbirds, Jimmie Vaughan",A3,https://is1-ssl.mzstatic.com/image/thumb/Music/y2004/m04/d19/h20/s05.rxwljoea.jpg/600x600bb.jpg,Been Filled
Record,Baroque Masterpieces for Trumpet and Organ,Edward Tarr,1973,Baroque,US,"Wynton Marsalis, Maurice André, Hakan Hardenberger, Alison Balsom, Tine Thing Helseth",A3,https://i.discogs.com/xSspesbBOY_LXHDMOv9S40kKiIGjKYwK7dSJw_Yr7Ns/rs:fit/g:sm/q:40/h:150/w:150/czM6Ly9kaXNjb2dz/LWRhdGFiYXNlLWlt/YWdlcy9SLTI3Njgx/MzYtMTMwMDE1NjQz/MC5qcGVn.jpeg,Been Filled
Record,Sanctuary,J Geils Band,1978,"Rock & Roll, Blues Rock",US,"The Rolling Stones, The Faces, The Black Crowes, The Allman Brothers Band, Little Feat",A3,https://is1-ssl.mzstatic.com/image/thumb/Music124/v4/7c/e0/0e/7ce00ea3-8981-3900-4b38-592360c8c3a3/00602537700974.rgb.jpg/600x600bb.jpg,Been Filled
Record,Ride a Rock Horse,Roger Daltrey,1975,Pop Rock,US,"The Who, The Faces, The Rolling Stones, The Kinks, Bad Company",A3,https://is1-ssl.mzstatic.com/image/thumb/Music/9d/b4/7b/mzi.twpyktxp.jpg/600x600bb.jpg,Been Filled
Record,Lovelyville,Thinking Fellers Union Local 282,1991,"Indie Rock, Noise Rock, Lo-Fi",US,"Pavement, Sebadoh, Guided by Voices, The Flaming Lips, The Olivia Tremor Control",A3,https://is1-ssl.mzstatic.com/image/thumb/Music113/v4/62/f8/7f/62f87fbe-7448-140d-ae84-562076e0a48c/194171198182.jpg/600x600bb.jpg,Been Filled
Record,Ladies Invited,J Geils Band,1973,"Blues Rock, Pop Rock",US,"The Rolling Stones, The Faces, The Black Crowes, The Allman Brothers Band, Little Feat",A3,https://is1-ssl.mzstatic.com/image/thumb/Music/32/44/f5/mzi.aslgncbk.jpg/600x600bb.jpg,Been Filled
Record,Live,Mott the Hoople,1974,Glam,US,"David Bowie, T. Rex, Roxy Music, Slade, Sweet",A3,https://is1-ssl.mzstatic.com/image/thumb/Music/12/46/6f/mzi.nupwuygs.jpg/600x600bb.jpg,Been Filled
Record,Approved By,Motors,1978,"New Wave, Pub Rock, Power Pop",UK,"The Jam, The Undertones, The Chords, The Lambrettas, Secret Affair",A3,https://is1-ssl.mzstatic.com/image/thumb/Music6/v4/d7/98/e5/d798e553-ae9a-c41a-7623-77ea0f471054/05099926670355.jpg/600x600bb.jpg,Been Filled
Record,All Four One',Motels,1982,"New Wave, Pop Rock",US,"The Cars, Blondie, The Pretenders, The Go-Go's, The Bangles",A3,https://is1-ssl.mzstatic.com/image/thumb/Music124/v4/41/db/15/41db15a9-7b83-fb4a-784a-f9e96d12c230/00724352069651.jpg/600x600bb.jpg,Been Filled
Record,Wavelength,Van Morrison,1978,"Pop Rock, Soul",US,"Bruce Springsteen, Bob Dylan, Tom Waits, Leonard Cohen, Nick Cave",A3,https://is1-ssl.mzstatic.com/image/thumb/Music221/v4/a2/68/9f/a2689f46-8930-0fca-da2d-b469d45cb841/886445370898_Cover.jpg/600x600bb.jpg,Been Filled
Record,It's Too Late to Stop Now,Van Morrison,2016,"Blues Rock, Fusion, Classic Rock",Europe,"Bruce Springsteen, Bob Dylan, Tom Waits, Leonard Cohen, Nick Cave",A3,https://is1-ssl.mzstatic.com/image/thumb/Music211/v4/48/44/fd/4844fdfb-7cab-3c81-9a6c-f936bf83560e/886445378696_Cover.jpg/600x600bb.jpg,Been Filled
Record,Blackbird,Mose Jones,1978,Southern Rock,US,"The Allman Brothers Band, Lynyrd Skynyrd, The Marshall Tucker Band, The Outlaws, The Charlie Daniels Band",A3,https://lastfm.freetls.fastly.net/i/u/300x300/c3f83b0dfe9a255c5e7c943037e63a5f.jpg,Been Filled
Record,801 Live,Phil Manzanera,1977,"Rock & Roll, Prog Rock, Ambient",US,"Roxy Music, Brian Eno, David Bowie, Pink Floyd, King Crimson",A3,https://is1-ssl.mzstatic.com/image/thumb/Music4/v4/88/ab/8c/88ab8c7b-6973-39f5-e565-9a839828039f/00077778702955.jpg/600x600bb.jpg,Been Filled
Record,Little Feat,Little Feat,1971,"Blues Rock, Country Rock",US,"The Allman Brothers Band, The Band, The Grateful Dead, The Doobie Brothers, The Marshall Tucker Band",A3,https://is1-ssl.mzstatic.com/image/thumb/Music115/v4/c3/c3/f9/c3c3f92a-5176-38ad-7736-870561382e8e/mzi.ieqzdzyg.jpg/600x600bb.jpg,Been Filled
Record,Dixie Chicken,Little Feat,1973,"Southern Rock, Bayou Funk, Louisiana Blues",US,"The Allman Brothers Band, The Band, The Grateful Dead, The Doobie Brothers, The Marshall Tucker Band",A3,https://is1-ssl.mzstatic.com/image/thumb/Music126/v4/ee/e2/f6/eee2f674-8d4a-0794-107b-ddfeb09d1e4d/603497837489.jpg/600x600bb.jpg,Been Filled
Record,Feats Don't Fail Me Now,Little Feat,1974,"Blues Rock, Southern Rock",US,"The Allman Brothers Band, The Band, The Grateful Dead, The Doobie Brothers, The Marshall Tucker Band",A3,https://is1-ssl.mzstatic.com/image/thumb/Music211/v4/a4/26/ed/a426ed50-2d66-a2db-2ef5-4849cfdc3c17/603497823390.jpg/600x600bb.jpg,Been Filled
Record,Hoy Hoy,Little Feat,1981,"Pop Rock, Blues Rock, Rock & Roll, Southern Rock, AOR",US,"The Allman Brothers Band, The Band, The Grateful Dead, The Doobie Brothers, The Marshall Tucker Band",A3,https://is1-ssl.mzstatic.com/image/thumb/Music/37/df/dd/mzi.vukxzgpo.jpg/600x600bb.jpg,Been Filled
Record,Sailin' Shoes,Little Feat,1972,"Blues Rock, Southern Rock, Classic Rock",US,"The Allman Brothers Band, The Band, The Grateful Dead, The Doobie Brothers, The Marshall Tucker Band",A3,https://is1-ssl.mzstatic.com/image/thumb/Music123/v4/f4/6c/62/f46c6213-e69f-0673-145e-ba025dd007b0/075992725828.jpg/600x600bb.jpg,Been Filled
Record,Time Loves a Hero,Little Feat,1977,"Blues Rock, Southern Rock, Rhythm & Blues, Bayou Funk",US,"The Allman Brothers Band, The Band, The Grateful Dead, The Doobie Brothers, The Marshall Tucker Band",A3,https://is1-ssl.mzstatic.com/image/thumb/Music/3c/b0/e0/mzi.yzbjeien.jpg/600x600bb.jpg,Been Filled
Record,Waiting for Columbus,Little Feat,1978,"Classic Rock, Blues Rock",US,"The Allman Brothers Band, The Band, The Grateful Dead, The Doobie Brothers, The Marshall Tucker Band",A3,https://is1-ssl.mzstatic.com/image/thumb/Music115/v4/c3/c3/f9/c3c3f92a-5176-38ad-7736-870561382e8e/mzi.ieqzdzyg.jpg/600x600bb.jpg,Been Filled
Record,Little River Band,Little River Band,1975,"Pop Rock, Classic Rock",US,"The Eagles, Fleetwood Mac, The Doobie Brothers, America, The Beach Boys",A3,https://is1-ssl.mzstatic.com/image/thumb/Music112/v4/ca/71/37/ca7137e7-4640-175f-ccd6-ec31ff216821/22UM1IM08581.rgb.jpg/600x600bb.jpg,Been Filled
Record,First Under the Wire,Little River Band,1979,Soft Rock,US,"The Eagles, Fleetwood Mac, The Doobie Brothers, America, The Beach Boys",A3,https://is1-ssl.mzstatic.com/image/thumb/Music112/v4/47/b1/2a/47b12ab3-d2f5-d601-d2b5-59d80ca94a4b/13UABIM11807.rgb.jpg/600x600bb.jpg,Been Filled
Record,Time Exposure,Little River Band,1981,Pop Rock,US,"The Eagles, Fleetwood Mac, The Doobie Brothers, America, The Beach Boys",A3,https://lastfm.freetls.fastly.net/i/u/300x300/b92d73307ed14e6ddc4a5336df35db9c.jpg,Been Filled
Record,Tracks,McKendree Spring,1972,"Folk Rock, Psychedelic Rock, Country Rock",US,"The Band, The Byrds, The Flying Burrito Brothers, The Buffalo Springfield, The Lovin' Spoonful",A3,https://lastfm.freetls.fastly.net/i/u/300x300/45f0b77a2de0407aa5af070b06b05ea5.jpg,Been Filled
Record,Cabretta,Mink Deville,1977,"Pop Rock, Punk, New Wave, Rock & Roll",US,"The Ramones, The Heartbreakers, The Dictators, The Dead Boys, Richard Hell & The Voidoids",A3,https://is1-ssl.mzstatic.com/image/thumb/Music125/v4/58/3b/87/583b870d-6ac5-43dd-6272-af07217466aa/05099963398359.jpg/600x600bb.jpg,Been Filled
Record,The World Anthem,Mahogany Rush,2008,Rock,UK,"Jimi Hendrix, Robin Trower, Frank Marino, Stevie Ray Vaughan, Johnny Winter",A3,https://is1-ssl.mzstatic.com/image/thumb/Music/c5/41/f1/mzi.stwuvhwv.jpg/600x600bb.jpg,Been Filled
Record,Careful,Motels,1980,New Wave,US,"The Cars, Blondie, The Pretenders, The Go-Go's, The Bangles",A3,https://is1-ssl.mzstatic.com/image/thumb/Music113/v4/11/d8/b2/11d8b2b9-7d8c-c5f5-60cc-e7fdb9f76d42/13UACIM16938.rgb.jpg/600x600bb.jpg,Been Filled
Record,Strange Boutique,The Monochrome Set,1980,"New Wave, Pop Rock, Indie Rock",UK,"The Smiths, The Wedding Present, The Housemartins, The Pastels, The June Brides",A3,https://is1-ssl.mzstatic.com/image/thumb/Music113/v4/65/ea/ae/65eaae9c-99e8-0e29-b0e9-d6f3d6c8dfcc/4015698013818.jpg/600x600bb.jpg,Been Filled
Record,Double Trouble,Frankie Miller,1978,"Hard Rock, Rhythm & Blues",US,"Rod Stewart, Faces, Humble Pie, Bad Company, Free",A3,https://is1-ssl.mzstatic.com/image/thumb/Music112/v4/76/12/da/7612da95-bd9b-0b8b-7a5e-3a37bbbb180d/5054526780699.png/600x600bb.jpg,Been Filled
Record,It's Like You Never Left,Dave Mason,1973,"Blues Rock, Prog Rock",US,"Traffic, Blind Faith, The Rolling Stones, The Who, The Kinks",A3,https://is1-ssl.mzstatic.com/image/thumb/Features/01/c3/11/dj.rwzdusnq.jpg/600x600bb.jpg,Been Filled
Record,Mariposa de Oro,Dave Mason,1978,Rock & Roll,US,"Traffic, Blind Faith, The Rolling Stones, The Who, The Kinks",A3,https://is1-ssl.mzstatic.com/image/thumb/Music/66/ba/cc/mzi.xwwlhzhu.jpg/600x600bb.jpg,Been Filled
Record,Back Into the Future,Man,1973,Prog Rock,UK,"Pink Floyd, Yes, Genesis, King Crimson, Emerson Lake & Palmer",A3,https://is1-ssl.mzstatic.com/image/thumb/Music124/v4/ef/7e/7e/ef7e7ed5-0f20-cfbd-0f16-055f244024eb/5099969666759_3600x3600_300dpi.jpg/600x600bb.jpg,Been Filled
Record,Long Distance Voyager,Moody Blues,1981,"Art Rock, Pop Rock, Symphonic Rock, Prog Rock",US,"Pink Floyd, Yes, Genesis, King Crimson, Emerson Lake & Palmer",A3,https://is1-ssl.mzstatic.com/image/thumb/Music124/v4/a0/b3/22/a0b3228c-1806-013b-7fa7-c4afa31c54fb/00602567756699.rgb.jpg/600x600bb.jpg,Been Filled
Record,Every Good Boy Deserves Favour,Moody Blues,1971,Psychedelic Rock,UK,"Pink Floyd, Yes, Genesis, King Crimson, Emerson Lake & Palmer",A3,https://is1-ssl.mzstatic.com/image/thumb/Music128/v4/0c/09/94/0c0994e6-e990-d798-fe5a-02242ab29f2b/00600753066270.rgb.jpg/600x600bb.jpg,Been Filled
Record,Paper Money,Montrose,1974,Hard Rock,US,"Van Halen, Aerosmith, Led Zeppelin, Deep Purple, Bad Company",A3,https://is1-ssl.mzstatic.com/image/thumb/Music128/v4/7c/1c/4f/7c1c4fdd-3183-d507-f9ca-85faaf0bb8fb/603497871797.jpg/600x600bb.jpg,Been Filled
Record,Eligible Bachelors,Monochrome Set,1982,"Pop Rock, Indie Rock",UK,"The Smiths, The Wedding Present, The Housemartins, The Pastels, The June Brides",A3,https://is1-ssl.mzstatic.com/image/thumb/Music126/v4/d5/e5/3f/d5e53f3f-dd43-cc4e-be9d-e3fac5a525d6/190295009618.jpg/600x600bb.jpg,Been Filled
Record,Life for the Taking,Eddie Money,1978,Rock,US,"Bruce Springsteen, Bob Seger, Tom Petty, John Mellencamp, Steve Miller Band",A3,https://is1-ssl.mzstatic.com/image/thumb/Music124/v4/ca/50/2f/ca502f65-f901-fcc2-c2fb-295aea5213b4/074643559829.jpg/600x600bb.jpg,Been Filled
Record,Sleeper Catcher,Little River Band,1978,"Classic Rock, Pop Rock",US,"The Eagles, Fleetwood Mac, The Doobie Brothers, America, The Beach Boys",A3,https://is1-ssl.mzstatic.com/image/thumb/Music122/v4/c9/af/4c/c9af4c89-17d5-d587-393d-1d6a071ecead/22UM1IM08564.rgb.jpg/600x600bb.jpg,Been Filled
Record,Men Without Women,Little Steven,1982,Pop Rock,Europe,"Bruce Springsteen, Southside Johnny, Graham Parker, Joe Jackson, Elvis Costello",A3,https://is1-ssl.mzstatic.com/image/thumb/Music123/v4/61/01/9e/61019e38-1219-17bc-bd21-9dc8c460506a/19UMGIM79704.rgb.jpg/600x600bb.jpg,Been Filled
Record,Rockets,Rockets,1977,"Electro, Disco",Italy,"Kraftwerk, Giorgio Moroder, Jean-Michel Jarre, Tangerine Dream, Vangelis",A3,https://is1-ssl.mzstatic.com/image/thumb/Music111/v4/91/a4/75/91a47575-6b64-62aa-d17f-96dad6112d7c/859719610198_cover.jpg/600x600bb.jpg,Been Filled
Record,Rock Invasion,Rock Invasion,1986,"Hard Rock, Glam",US,"Mötley Crüe, Ratt, W.A.S.P., Twisted Sister, Quiet Riot",A3,https://is1-ssl.mzstatic.com/image/thumb/Music123/v4/2b/1d/82/2b1d8219-c65a-043a-4d79-026d2e5fbedd/859733269433_cover.jpg/600x600bb.jpg,Been Filled
Record,No Ballads,Rockets,2009,Rock,US,"Kraftwerk, Giorgio Moroder, Jean-Michel Jarre, Tangerine Dream, Vangelis",A3,https://is1-ssl.mzstatic.com/image/thumb/Music211/v4/a1/4d/6b/a14d6bc2-804f-82a8-2298-38fda4d987c9/59e84e53-5d6e-422e-bc97-4bfa89b72642.jpg/600x600bb.jpg,Been Filled
Record,Robbie Robertson,Robbie Robertson,1987,Pop Rock,UK & Europe,"The Band, Bob Dylan, Neil Young, Van Morrison, Leonard Cohen",A3,https://is1-ssl.mzstatic.com/image/thumb/Music128/v4/85/01/58/85015836-f1e3-288d-2b6f-5ab2151bc3af/00720642416020.rgb.jpg/600x600bb.jpg,Been Filled
Record,North by Northwest,Tom Robinson,1982,New Wave,UK,"The Clash, The Jam, The Undertones, The Ruts, The Stranglers",A3,https://lastfm.freetls.fastly.net/i/u/300x300/69b2e893f62eff7ecccb19dfc51dcd24.jpg,Been Filled
Record,Hope and Glory,Tom Robinson,1984,Pop Rock,UK,"The Clash, The Jam, The Undertones, The Ruts, The Stranglers",A3,https://is1-ssl.mzstatic.com/image/thumb/Music118/v4/7b/ee/d5/7beed51f-89a0-2808-20a7-69efb76745ac/cover.jpg/600x600bb.jpg,Been Filled
Record,Drastic Measures,Kansas,1983,Classic Rock,USA,,E1,,
,,,,,,,,,
,,,,,,,,,
,,,,,,,,,
,,,,,,,,,
,,,,,,,,,
Record,Three Times and Waving,Breathless,1987,"Rock, New Wave, Shoegaze",UK,"The Reegs, The Opposition, Telstar Ponies, Spoonfed Hybrid",J3,https://www.discogs.com/master/66486-Breathless-Three-Times-And-Waving?srsltid=AfmBOooiKSb5dAeB7G69Q0IUFYGSuusLpHl6vELXIuwnfld57SMrW23t&image=1578591.SW1hZ2U6MTA2OTE3Mzg%3D,
Record,The Glass Bead Game,Beathless,1986,"Rock, New Wave, Shoegaze",UK,"The Reegs, The Opposition, Telstar Ponies, Spoonfed Hybrid",J3,https://www.discogs.com/master/66482-Breathless-The-Glass-Bead-Game/image/SW1hZ2U6NDQ0NTc1NTc=,
Record,Nailing Colors to the Wheel,Breathless,1986,"Rock, New Wave, Shoegaze",UK,"The Reegs, The Opposition, Telstar Ponies, Spoonfed Hybrid",J3,https://www.discogs.com/release/405854-Breathless-Nailing-Colours-To-The-Wheel/image/SW1hZ2U6OTg0OTMxNDQ=,
Record,Brainfood,Various,1989,Punk Rock,USA,"Minor Threat, Suicidal Tendencies, Bad Brains",J3,https://www.discogs.com/release/2682634-Various-Brain-Food/image/SW1hZ2U6MjU2NTU4MzU=,
Record,Help Save the Youth of America EP: Live and Dubious,Billy Bragg,1988,"Rock, Folk Rock",USA,"Neil Young, Bruce Springsteen, The Bobby Fuller Four, CCR",J3,https://www.discogs.com/release/2070385-Billy-Bragg-Help-Save-The-Youth-Of-America-EP-Live-And-Dubious/image/SW1hZ2U6MzQzNTAyMA==,
Record,The Virgin Land,Fear of Darkness,1986,"Death Rock, New Wave, Goth Rock",UK,"The March Violets, Bauhaus, Christian Death, ",J3,https://www.discogs.com/master/1331074-Fear-Of-Darkness-The-Virgin-Land/image/SW1hZ2U6MTA1ODE0ODE=,
Record,Die for Allah,Fearless Iranians from Hell,1987,Punk Rock,USA,"Suicidal Tendencies, Municipal Waste, D.R.I, Crucifix",J3,https://www.discogs.com/master/318277-Fearless-Iranians-From-Hell-Die-For-Allah/image/SW1hZ2U6OTk2Mzk5Mw==,
Record,"Very, Very Powerful Motor",Fastbacks,1990,"Rock, Alternative",USA,"X-Ray Spex, The Damned, X",J3,https://www.discogs.com/master/333905-Fastbacks-Very-Very-Powerful-Motor/image/SW1hZ2U6ODM0NjA3Mg==,
Record,Don't Change That Song,Faster Pussycat,1987,"Classic Rock, Hairmetal",USA,"Cinderella, W.A.S.P, Quiet Riot",J3,https://www.discogs.com/release/3393713-Faster-Pussycat-Dont-Change-That-Song/image/SW1hZ2U6MzI0NTg5OTM=,
Record,Flames of Love,The Farmers,1989,Rock,USA,"CCR, Stiff Little Fingers, The Cars",J3,https://www.discogs.com/release/6437437-The-Farmers-Flames-Of-Love/image/SW1hZ2U6Mjc4NDIxNzE=,
Record,I Built the World,The Farmers' Boys,1985,"Rock, New Wave, Synth Pop",UK,"The Human League, New Order, The Room, Afraid of Mice",J3,https://www.discogs.com/release/2371083-The-Farmers-Boys-I-Built-The-World/image/SW1hZ2U6MzkyNzkzNA==,
Record,The Family,Mashmakhan,1971,"Psychadelic Rock, Progressive Rock",Canada,"The Byrds, The Paupers, Human Instinct",J3,https://www.discogs.com/master/524922-Mashmakhan-Mashmakhan-The-Family/image/SW1hZ2U6NTEyNDU5OA==,
Record,Fanny,Mothers Pride,1973,Classic Rock,UK,"Wings, Bad Company, Deep Purple",J3,https://www.discogs.com/release/1472466-Fanny-Mothers-Pride/image/SW1hZ2U6NTE5ODEwNw==,
Record,Billy Falcon,Billy Falcon,1979,"Pop Rock, Classic Rock",USA,"Bon Jovi, Bruce Springsteen, Chicago",J3,https://www.discogs.com/master/816851-Billy-Falcon-Billy-Falcon/image/SW1hZ2U6NjAxNjQ4Mg==,
Record,Burning Rose,Billy Falcon,1977,"Pop Rock, Classic Rock",USA,"Bon Jovi, Bruce Springsteen, Chicago",J3,https://www.discogs.com/release/3081416-Billy-Falcon-Billy-Falcons-Burning-Rose/image/SW1hZ2U6MTAzMDQxODY=,
Record,Falcon Around,Billy Falcon,1980,"Pop Rock, Classic Rock",USA,"Bon Jovi, Bruce Springsteen, Chicago",J3,https://www.discogs.com/master/348270-Billy-Falcon-Falcon-Around/image/SW1hZ2U6NTc2MzA4MA==,
Record,Strange Weather,Marianne Faithfull,1987,"Rock, Blues, Folk",USA,"Patti Smith, Joan Armatrading, Donovan ",J3,https://www.discogs.com/release/692310-Marianne-Faithfull-Strange-Weather/image/SW1hZ2U6MjIzNDcyNzk=,
Record,III,Kalapana,1977,"Jazz, Funk, Soul",USA,"Cecilio & Kapono, Gabby Pahinui, Santana",J3,https://www.discogs.com/master/339120-Kalapana-Kalapana-III/image/SW1hZ2U6MTM5MDAwNjE=,
Record,Photographs as Memories,Eyeless in Gaza,1981,"Post Punk, New Wave",UK,"The Fall, Fad Gadget, The Wolfgang Press",J3,https://www.discogs.com/master/95366-Eyeless-In-Gaza-Photographs-As-Memories/image/SW1hZ2U6MjYwNjEyNzE=,
Record,Welcome Now,Eyeless in Gaza,1985,"Post Punk, New Wave",UK,"The Fall, Fad Gadget, The Wolfgang Press",J3,https://www.discogs.com/master/95379-Eyeless-In-Gaza-Welcome-Now/image/SW1hZ2U6MTI1MTk3Nzg=,
Record,The Best of The Electric Flag,The Electric Flag,1971,"Rock, Blues",USA,"Canned Heat, The Yardbirds, Cream",J3,https://www.discogs.com/master/419815-The-Electric-Flag-The-Best-Of-The-Electric-Flag/image/SW1hZ2U6MjAzODQ1NDQ=,
Record,Eldorado,Electric Light Orchestra,1974,"Rock, Progressive Rock",UK,"Supertramp, Styx, Yes",J3,https://www.discogs.com/master/21685-Electric-Light-Orchestra-Eldorado-A-Symphony-By-The-Electric-Light-Orchestra/image/SW1hZ2U6ODE0MjM3MDE=,
Record,II,Electric Light Orchestra,1973,"Rock, Progressive Rock",UK,"Supertramp, Styx, Yes",J3,https://www.discogs.com/release/3324602-Electric-Light-Orchestra-Electric-Light-Orchestra-II/image/SW1hZ2U6MTEzNzYwMzA=,
Record,Secret Messages,Electric Light Orchestra,1983,"Rock, Progressive Rock",UK,"Supertramp, Styx, Yes",J3,https://www.discogs.com/release/589771-Electric-Light-Orchestra-Secret-Messages/image/SW1hZ2U6MjA3NTEyNzM=,
Record,On The Thrid Day,Electric Light Orchestra,1973,"Rock, Progressive Rock",UK,"Supertramp, Styx, Yes",J3,https://www.discogs.com/release/342678-Electric-Light-Orchestra-On-The-Third-Day/image/SW1hZ2U6MjEzNzM5,
Record,Playdoh Meathook,The Electric Love Muffin,1987,"Indie Rock, Punk",USA,"Descendents, Fugazi, Stiff Little Fingers ",J3,https://www.discogs.com/release/1666553-The-Electric-Love-Muffin-Playdoh-Meathook/image/SW1hZ2U6MjUwNTY0MA==,
Record,Mass in F Minor,The Electric Prunes,1967,"Psychadelic Rock, Religious",USA,"Neil Young, Tommy James and the Shondells ",J3,https://www.discogs.com/master/25229-The-Electric-Prunes-Mass-In-F-Minor/image/SW1hZ2U6NDM4NjQ1NTM=,
Record,Road to Peace,Electic Peace,1989,"Alternative Rock, Psychadelic Rock",USA,"The Cult, Tesla, Skid Row",J3,https://www.discogs.com/release/2811708-Electric-Peace-Road-To-Peace/image/SW1hZ2U6MTExODY0MjY=,
Record,The Electric Light Orchestra,Electric Light Orchestra,1971,"Rock, Progressive Rock",UK,"Supertramp, Styx, Yes",J3,https://www.discogs.com/master/97910-The-Electric-Light-Orchestra-The-Electric-Light-Orchestra/image/SW1hZ2U6OTQ0MTg3Mg==,
Record,Face The Music,Electric Light Orchestra,1975,"Rock, Progressive Rock",UK,"Supertramp, Styx, Yes",J3,https://www.discogs.com/master/21693-Electric-Light-Orchestra-Face-The-Music/image/SW1hZ2U6MTg5NDE3MzI=,
Record,Eleven Sons,Eleven Sons,1983,"Rock, Post-Punk",USA,"T.S.O.L, X, Sisters of Mercy",J3,https://www.discogs.com/release/2995447-Eleven-Sons-Eleven-Sons/image/SW1hZ2U6NTQ0NTUzNw==,
Record,Eleventh Dream Day,Eleventh Dream Day,1987,"Indie Rock, Alternative",USA,"Afghan Whigs, Nada Surf",J3,https://www.discogs.com/master/314871-Eleventh-Dream-Day-Eleventh-Dream-Day/image/SW1hZ2U6MzI5MTIxMA==,
Record,A Night For Stars,Roddy Ellias,1979,Contemporary Jazz,Canada,"Joe Beck, Alan Pasqua",J3,https://www.discogs.com/master/1325171-Roddy-Ellias-A-Night-For-Stars/image/SW1hZ2U6MzMwNjkzMzg=,
Record,The Best of Emerson Lake & Palmer,Emerson Lake & Palmer,1980,"Rock, Progressive Rock",UK,"Peter Frampton, Jackson Browne",J3,https://www.discogs.com/master/12216-Emerson-Lake-Palmer-The-Best-Of-Emerson-Lake-Palmer/image/SW1hZ2U6MzkwNjQwOQ==,
Record,Live Shots,The Joe Ely Band,1981,"Rock, Folk",USA,"Dire Straits, Tom Petty",J3,https://www.discogs.com/release/1394912-The-Joe-Ely-Band-Live-Shots/image/SW1hZ2U6MTk3OTM3MA==,
Record,The Dividing Line,The Brigade,1986,"Alternative Rock, Punk",USA,"Youth Brigade, Billy Idol ",J3,https://www.discogs.com/master/735060-The-Brigade-The-Dividing-Line/image/SW1hZ2U6MTQ1NTI1NTA=,
Record,Kings of Boogie,Savoy Brown,1989,"Hard Rock, Blues",UK,"Stevie Ray Vaughan, Deep Purple ",J3,https://www.discogs.com/master/424974-Savoy-Brown-Kings-Of-Boogie/image/SW1hZ2U6NDE3NDE2Ng==,
Record,Rural Space,Brewer & Shipley,1972,"Rock, Folk, Country ",USA,"Dire Straits, Paul Simon, Neil Young",J3,https://www.discogs.com/release/2585106-Brewer-Shipley-Rural-Space/image/SW1hZ2U6MTkwMTY4MDQ=,
Record,Harsh World,Jack Brewer Band,1991,Alternative Rock,USA,"Always August, Effigies",J3,https://www.discogs.com/release/2110543-Jack-Brewer-Band-Harsh-World/image/SW1hZ2U6ODU0MTY0NjE=,
Record,Welcome to Riddle Bridge,Brewer & Shipley,1975,"Rock, Folk, Country",USA,"Dire Straits, Paul Simon, Neil Young",J3,https://www.discogs.com/release/4797054-Brewer-Shipley-Welcome-To-Riddle-Bridge/image/SW1hZ2U6MjMwNTAxMjA=,
Record,Rockin' Ethereal,Jack Brewer Band,1990,"Alternative Rock, Punk",US,"Always August, Effigies",J3,https://lastfm.freetls.fastly.net/i/u/300x300/3fa3d1d3b42df463251bdcd580b4226c.jpg,
Record,Nobody Leaves This Song Alive,Breathless,1980,"Rock, Album Oriented Rock",USA,"The Rolling Stones, Tom Petty, Foreigner",J3,https://www.discogs.com/release/3089092-Breathless-Nobody-Leaves-This-Song-Alive/image/SW1hZ2U6NTY1NzM2Mg==,
Record,Born To Deny,Dying For It,2018,"Rock, Hardcore",USA,"Scowl, Drain, Trapped Under Ice",J3,https://www.discogs.com/master/1368938-Dying-For-It-Born-To-Deny/image/SW1hZ2U6MzQ4MDU2Njg=,
Record,Zdenka 2080,Salami Rose Joe Louis,2019,"Indie Pop, Electronic",USA,"Flying Lotus, Thundercat",J3,https://www.discogs.com/master/1604578-Salami-Rose-Joe-Louis-Zdenka-2080/image/SW1hZ2U6NDE4MzI2MTk=,
Record,Perfume Genius x WRecords,Perfume Genius,2018,"Pop, Ballad",USA,"Sufjan Stevens, St. Vincent, HAIM",J3,https://www.discogs.com/release/13741461-Perfume-Genius-W-Records-x-Perfume-Genius/image/SW1hZ2U6NDA1NjQ0MDM=,
Record,Invalid Sisters,Invalid Sisters,2021,Industrial,US,,J3,https://is1-ssl.mzstatic.com/image/thumb/Music113/v4/0f/62/7b/0f627b8a-500f-cf8a-9bd5-d2da9631dedf/artwork.jpg/600x600bb.jpg,Been Filled
Record,Highway,Free,1970,"Blues Rock, Hard Rock, Ballad",UK,,J3,https://is1-ssl.mzstatic.com/image/thumb/Music128/v4/71/70/a2/7170a2a2-4a9c-c94b-f0a7-c44bd32910c2/00602537459070.rgb.jpg/600x600bb.jpg,Been Filled
,,,,,,,,,
Record,Christmas Eve With Johnny Mathis,Johnny Mathis,1986,"Holiday, Vocal, Pop",USA,Michale Buble,B5,https://www.discogs.com/master/645365-Johnny-Mathis-Christmas-Eve-With-Johnny-Mathis/image/SW1hZ2U6MTA4OTc4MzQ=,
Record,Picture This,Gary Burton Quartet,1982,Contemporary Jazz,USA,Pat Methany,B5,https://www.discogs.com/master/293524-Gary-Burton-Quartet-Picture-This/image/SW1hZ2U6MjQwNDI3NQ==,
Record,Jonathan Butler,Jonathan Butler,1987,"Smooth Jazz, Jazz Funk",USA,"Luthor Vandross, Quincy Jones",B5,https://www.discogs.com/master/205268-Jonathan-Butler-Jonathan-Butler/image/SW1hZ2U6ODYzNDM1Mg==,
Record,Sky Street,Kenny Burell,1976,"Jazz, Modal, Hard Bop",USA,"Herbie Hancock, Weather Report, Steely Dan",B5,,
,,,,,,,,,
Record,Free,Free,1969,"Classic Rock, Blues Rock",UK,,J3,https://is1-ssl.mzstatic.com/image/thumb/Music113/v4/aa/95/d7/aa95d731-d5e2-63b6-9b57-1ba985fd0a29/195079067037.jpg/600x600bb.jpg,Been Filled
Record,Monkey Island,Geils,1977,Blues Rock,US,,J3,https://is1-ssl.mzstatic.com/image/thumb/Music/32/30/e9/mzi.yowcppnt.jpg/600x600bb.jpg,Been Filled
Record,Tons of Sobs,Free,1969,"Blues Rock, Electric Blues, Classic Rock",UK,,J3,https://is1-ssl.mzstatic.com/image/thumb/Music124/v4/e6/98/f3/e698f309-65dd-1e3b-6fd1-de168a3135e1/00602547053862.rgb.jpg/600x600bb.jpg,Been Filled
Record,Same,Fourwaycross,,,,,J3,,Been Filled
Sleeve (No Record),Spencer Davis,Crossfire,1984,Rock,US,,J3,https://is1-ssl.mzstatic.com/image/thumb/Music116/v4/6b/52/eb/6b52eba8-f8dd-ad4b-1da3-be395cfd3cd4/5da17dbb-ab40-40ed-a89f-14f8e3beaf1c.jpg/600x600bb.jpg,Been Filled
Sleeve (No Record),Threshold,Hula,1987,"Leftfield, Dub, Industrial",UK,,J3,https://is1-ssl.mzstatic.com/image/thumb/Music126/v4/0f/8d/a8/0f8da86c-6874-7fbf-66c8-affc1f4f2881/5037300019031.jpg/600x600bb.jpg,Been Filled
Sleeve (No Record),Tops,Otis Rush,1988,Modern Electric Blues,US,,J3,https://is1-ssl.mzstatic.com/image/thumb/Music/y2003/m11/d26/h19/s05.zzrpkbrt.jpg/600x600bb.jpg,Been Filled
Record,Memphis Sessions,Rick Nelson,1986,"Rock, Pop",US,,J3,https://i.discogs.com/CcMiKEY7ZQelHVprnzstEXVqhCHRiH-QKK3Bmv--TqE/rs:fit/g:sm/q:40/h:150/w:150/czM6Ly9kaXNjb2dz/LWRhdGFiYXNlLWlt/YWdlcy9SLTMzMTM4/NDUtMTMyNTMyOTM0/NS5qcGVn.jpeg,Been Filled
Sleeve (No Record),"Mary, Sherrie & Susaye",The Supremes,1976,,,,J3,https://is1-ssl.mzstatic.com/image/thumb/Music128/v4/b3/83/08/b38308cf-66be-f6fe-40f0-fae86b7d2d06/00602537524907.rgb.jpg/600x600bb.jpg,Been Filled
Sleeve (No Record),Neville Brothers,Fiyo on the Bayou,1981,Bayou Funk,US,,J3,https://is1-ssl.mzstatic.com/image/thumb/Music128/v4/95/7f/6d/957f6dec-11ba-c2ab-791e-92b527c6c747/00602547606921.rgb.jpg/600x600bb.jpg,Been Filled
Sleeve (No Record),Obed Ngobeni,My Wife Bought A Taxi,1987,"Afrobeat, African",US,,J3,https://i.discogs.com/oMqyiCEvlvklW-nKSQptBwBN-OKylLTWBPUjp2IBDAc/rs:fit/g:sm/q:40/h:150/w:150/czM6Ly9kaXNjb2dz/LWRhdGFiYXNlLWlt/YWdlcy9SLTE3ODY3/MTMtMTQ2ODgzNjEy/MS03Nzk2LmpwZWc.jpeg,Been Filled
Sleeve (No Record),Mountain,Nantucket & Sleighride,1973,"Classic Rock, Hard Rock, Blues Rock",UK,,J3,https://is1-ssl.mzstatic.com/image/thumb/Music/e3/7d/f5/mzi.owekydpw.jpg/600x600bb.jpg,Been Filled
Sleeve (No Record),Rock and Roll Queen,Mott the Hoople,1969,"Hard Rock, Glam",UK,,J3,https://is1-ssl.mzstatic.com/image/thumb/Music/51/77/8b/mzi.tgncsiew.jpg/600x600bb.jpg,Been Filled
Sleeve (No Record),Newton Juice,Well Kept Secret,1978,"Pop, Folk, World, & Country",US,,J3,https://is1-ssl.mzstatic.com/image/thumb/Music118/v4/10/8b/be/108bbe78-300c-73c0-58fa-79107ba6dba0/00602547885500.rgb.jpg/600x600bb.jpg,Been Filled
Sleeve (No Record),Live at Tipitina's,Neville Borthers,1998,,,,J3,https://is1-ssl.mzstatic.com/image/thumb/Music/80/eb/e4/mzi.qtimtzbp.jpg/600x600bb.jpg,Been Filled
Sleeve (No Record),Engine,American Music Club,1987,Alternative Rock,US,,J3,https://i.discogs.com/c0n1PRAs4--_hQ3SGDqMNWWxNLi6MUso3cDY3J06-EI/rs:fit/g:sm/q:40/h:150/w:150/czM6Ly9kaXNjb2dz/LWRhdGFiYXNlLWlt/YWdlcy9SLTE2OTM0/MzItMTUwMjgzMjIx/Ni05NDk1LmpwZWc.jpeg,Been Filled
Sleeve (No Record),My Babe,Roy Buchanan,1980,"Blues Rock, Modern Electric Blues",US,,J3,https://is1-ssl.mzstatic.com/image/thumb/Music116/v4/5c/98/bb/5c98bb29-9b34-f9a3-2172-2efc7712adbd/885890743455.jpg/600x600bb.jpg,Been Filled
Sleeve (No Record),The Lost Vegas,Life Before the Collapse,2011,Psychedelic Rock,US,,J3,https://is1-ssl.mzstatic.com/image/thumb/Music6/v4/be/a9/cd/bea9cdc8-969a-6b3c-f755-4846005c1e4a/859711591983_cover.tif/600x600bb.jpg,Been Filled
Sleeve (No Record),Last Night in Sodom,Soft Cell,1984,"New Wave, Synth-pop",UK,,J3,https://is1-ssl.mzstatic.com/image/thumb/Music124/v4/75/28/67/752867a4-2198-04a0-30b3-7f819cc68ef7/00042281843624.rgb.jpg/600x600bb.jpg,Been Filled
Record,Adrenaline Mother,Brain Drops,,,,,J3,,Been Filled
Record,Get Thee Gone,The Geraloine Fibbers,,,,,J3,,Been Filled
Record,In the Land of Salvation and Sin,The Georgia Satellites,1989,Southern Rock,Europe,,J3,https://is1-ssl.mzstatic.com/image/thumb/Music/y2005/m04/d19/h18/s06.qlbzusod.jpg/600x600bb.jpg,Been Filled
Record,Gentle Giant,The Missing Piece,1977,Prog Rock,US,,J3,https://is1-ssl.mzstatic.com/image/thumb/Music126/v4/6e/d4/00/6ed40021-7fea-9c13-5c9c-f648b1125322/804471001555_Cover.jpg/600x600bb.jpg,Been Filled
Record,General Public,General Public,1984,Rock,UK,,J3,https://is1-ssl.mzstatic.com/image/thumb/Music116/v4/03/37/5f/03375fec-fd80-50c2-ab75-29cda92eab97/0826663135039.jpg/600x600bb.jpg,Been Filled
Record,J. Geils Band,The Morning After,1971,Blues Rock,US,,J3,https://is1-ssl.mzstatic.com/image/thumb/Music124/v4/aa/86/98/aa8698c1-12c9-e553-5b0b-a6ab00dab30e/dj.ubmnzlel.jpg/600x600bb.jpg,Been Filled
Record,J. Geils Band,The J. Geils Band,1970,"Blues Rock, Rhythm & Blues",US,,J3,https://is1-ssl.mzstatic.com/image/thumb/Music/be/29/72/mzi.gjiulqfw.jpg/600x600bb.jpg,Been Filled
Record,J. Geils Band,Full House,1972,"Blues Rock, Rock & Roll",US,,J3,https://is1-ssl.mzstatic.com/image/thumb/Music/be/29/72/mzi.gjiulqfw.jpg/600x600bb.jpg,Been Filled
Record,J. Geils Band,Love Stinks,1980,Pop Rock,US,,J3,https://is1-ssl.mzstatic.com/image/thumb/Music/v4/95/74/d6/9574d668-89c3-488d-ee17-441ef6eca54f/00077779270354.jpg/600x600bb.jpg,Been Filled
Sleeve (No Record),Cold Heart,The Jasmine Minks,1986,Indie Rock,UK,,J3,https://lastfm.freetls.fastly.net/i/u/300x300/d92de09166cd032eaa5c64c98ecf2f2f.jpg,Been Filled
Record,Dave Mason,Dave Mason,1974,Folk Rock,US,,J3,https://is1-ssl.mzstatic.com/image/thumb/Music/29/0e/58/mzi.knuhauzj.jpg/600x600bb.jpg,Been Filled
Record,Candleland,Ian McCulloch,1989,Alternative Rock,UK & Europe,,J3,https://is1-ssl.mzstatic.com/image/thumb/Music128/v4/ee/84/e6/ee84e66a-0323-2af8-0428-8cecc57131da/190295549459.jpg/600x600bb.jpg,Been Filled
Record,McGuinn-HIllman,Chris Hillman & Roger McGuinn,1979,"Folk Rock, Country Rock, Pop Rock",Netherlands,,J3,https://is1-ssl.mzstatic.com/image/thumb/Music123/v4/40/31/b2/4031b2ef-0590-0497-2187-2dc4c9d26cb4/19UMGIM69395.rgb.jpg/600x600bb.jpg,Been Filled
Record,Great Grape,Moby Grape,1971,Psychedelic Rock,US,,J3,https://lastfm.freetls.fastly.net/i/u/300x300/038828ba243b4645c62cd7e3135f3d02.png,Been Filled
Record,Other Side of Life,The Moody Blues,1986,"Prog Rock, Pop Rock",US,,J3,https://is1-ssl.mzstatic.com/image/thumb/Music118/v4/df/33/d6/df33d6e2-1b9f-2ade-ceb8-c911368ac048/00042282917928.rgb.jpg/600x600bb.jpg,Been Filled
Record,20 Granite Creek,Moby Grape,1971,Rock & Roll,US,,J3,https://is1-ssl.mzstatic.com/image/thumb/Music123/v4/eb/4c/11/eb4c116a-8ae9-b674-66bd-0a74f5bc2cea/4015306162426_cover.jpg/600x600bb.jpg,Been Filled
Record,Sloppy Seconds,Dr. Hook,1972,"Rock & Roll, Classic Rock",US,,J3,https://is1-ssl.mzstatic.com/image/thumb/Music/2a/45/33/mzi.ppfpwhdf.jpg/600x600bb.jpg,Been Filled
Record,The Medicine Show,Dr. Hook,1976,"Pop Rock, Country Rock",Canada,,J3,https://is1-ssl.mzstatic.com/image/thumb/Music115/v4/8c/a1/ea/8ca1ea78-cccf-6423-631e-23b880cb33f2/13UABIM57230.rgb.jpg/600x600bb.jpg,Been Filled
Record,Belly Up,Dr. Hook,2008,"Classic Rock, Stoner Rock",UK,,J3,https://is1-ssl.mzstatic.com/image/thumb/Music/3d/9d/29/mzi.koedcsga.jpg/600x600bb.jpg,Been Filled
Record,Any Road Up,Steve Gibbons Band,1976,Southern Rock,US,,J3,https://is1-ssl.mzstatic.com/image/thumb/Music125/v4/6c/cb/40/6ccb406a-aad6-0311-957a-3d06f261a7ba/190296768477.jpg/600x600bb.jpg,Been Filled
Record,Long Stem Rant,Giant Sand,1989,"Alternative Rock, Country Rock",UK,,J3,https://lastfm.freetls.fastly.net/i/u/300x300/12e85a27c5b4c50198f38eb2fa307561.jpg,Been Filled
Record,Free Live!,Free,1971,Classic Rock,US,,J3,https://is1-ssl.mzstatic.com/image/thumb/Music118/v4/ed/8f/ec/ed8fecdf-f595-6c8c-4824-f1728a1fd6d6/00731458622826.rgb.jpg/600x600bb.jpg,Been Filled
Record,Vive le Rock,Adam Ant,1985,"New Wave, Pop Rock",US,,J3,https://is1-ssl.mzstatic.com/image/thumb/Music114/v4/64/0b/da/640bda3c-ed61-ca3f-5e38-b491c21841e0/5099751963820.jpg/600x600bb.jpg,Been Filled
Record,,,,,,,,,
,,,,,,,,,
,,,,,,,,,
,,,,,,,,,
,,,,,,,,,
,,,,,,,,,
,,,,,,,,,
,,,,,,,,,
,,,,,,,,,
,,,,,,,,,
,,,,,,,,,
,,,,,,,,,
,,,,,,,,,
,,,,,,,,,
,,,,,,,,,
,,,,,,,,,
,,,,,,,,,
,,,,,,,,,
,,,,,,,,,
,,,,,,,,,
,,,,,,,,,
,,,,,,,,,
,,,,,,,,,
,,,,,,,,,
,,,,,,,,,
,,,,,,,,,
,,,,,,,,,
,,,,,,,,,
,,,,,,,,,
,,,,,,,,,
,,,,,,,,,
,,,,,,,,,
,,,,,,,,,
,,,,,,,,,
,,,,,,,,,
,,,,,,,,,
,,,,,,,,,
,,,,,,,,,
,,,,,,,,,
,,,,,,,,,
,,,,,,,,,
,,,,,,,,,
,,,,,,,,,
,,,,,,,,,
,,,,,,,,,
,,,,,,,,,
,,,,,,,,,
,,,,,,,,,
,,,,,,,,,
,,,,,,,,,
,,,,,,,,,
,,,,,,,,,
,,,,,,,,,
,,,,,,,,,
,,,,,,,,,
,,,,,,,,,
,,,,,,,,,
,,,,,,,,,
,,,,,,,,,
,,,,,,,,,
,,,,,,,,,
,,,,,,,,,
,,,,,,,,,
,,,,,,,,,
,,,,,,,,,
,,,,,,,,,
,,,,,,,,,
,,,,,,,,,
,,,,,,,,,
,,,,,,,,,
,,,,,,,,,
,,,,,,,,,
,,,,,,,,,
,,,,,,,,,
,,,,,,,,,
,,,,,,,,,
,,,,,,,,,
,,,,,,,,,
,,,,,,,,,
,,,,,,,,,
,,,,,,,,,
,,,,,,,,,
,,,,,,,,,
,,,,,,,,,
,,,,,,,,,
,,,,,,,,,
,,,,,,,,,
,,,,,,,,,
,,,,,,,,,
,,,,,,,,,
,,,,,,,,,
,,,,,,,,,
,,,,,,,,,
,,,,,,,,,
,,,,,,,,,
,,,,,,,,,
,,,,,,,,,
,,,,,,,,,
,,,,,,,,,
,,,,,,,,,
,,,,,,,,,
,,,,,,,,,
,,,,,,,,,
,,,,,,,,,
,,,,,,,,,
CD,Search and Sieze,,,,,,,,
,,,,,,,,,
,,,,,,,,,
,,,,,,,,,
,,,,,,,,,
,,,,,,,,,
,,,,,,,,,
,,,,,,,,,
,,,,,,,,,
,,,,,,,,,
,,,,,,,,,
,,,,,,,,,
,,,,,,,,,
,,,,,,,,,
,,,,,,,,,
,,,,,,,,,
,,,,,,,,,
,,,,,,,,,
,,,,,,,,,
,,,,,,,,,
,,,,,,,,,
,,,,,,,,,
,,,,,,,,,
,,,,,,,,,
,,,,,,,,,
,,,,,,,,,
,,,,,,,,,
,,,,,,,,,
,,,,,,,,,
,,,,,,,,,
,,,,,,,,,
,,,,,,,,,
,,,,,,,,,
,,,,,,,,,
,,,,,,,,,
,,,,,,,,,
,,,,,,,,,
,,,,,,,,,
,,,,,,,,,
Record,The Slide Area,Ry Cooder,1982,Blues Rock,Germany,,A5,https://is1-ssl.mzstatic.com/image/thumb/Music/0f/a8/60/mzi.mvspxoke.jpg/600x600bb.jpg,Been Filled
Record,Live,Ry Cooder,1982,"Blues Rock, Acoustic",UK,,A5,https://is1-ssl.mzstatic.com/image/thumb/Music124/v4/6a/5e/ba/6a5eba90-64b5-9e4d-f591-d1493d5e7842/mzi.hwwgdzvo.jpg/600x600bb.jpg,Been Filled
Record,Humans,Bruce Cockburn,1980,"Folk Rock, Acoustic, Soft Rock",Canada,,A5,https://is1-ssl.mzstatic.com/image/thumb/Music221/v4/cb/d2/08/cbd208dd-ee18-a382-123e-77546939e9d8/620638031728_cover.jpg/600x600bb.jpg,Been Filled
Record,Stealing Fire,Bruce Cockburn,1984,"Folk Rock, Classic Rock",Canada,,A5,https://is1-ssl.mzstatic.com/image/thumb/Music221/v4/a5/d1/bf/a5d1bfe7-1250-78de-657a-7f7f755e0464/620638031827_cover.jpg/600x600bb.jpg,Been Filled
Record,Inner City Front,Bruce Cockburn,1981,"AOR, Soft Rock",Canada,,A5,https://is1-ssl.mzstatic.com/image/thumb/Music211/v4/f2/0b/a0/f20ba0e2-cd80-fb40-638f-38e0a7d9aacd/620638028827_cover.jpg/600x600bb.jpg,Been Filled
Record,Circle in the Stream,Bruce Cockburn,1977,"Acoustic, Folk Rock, Ethereal",Canada,,A5,https://is1-ssl.mzstatic.com/image/thumb/Music221/v4/ba/c9/23/bac9230e-acda-6514-1c8e-6d39488b17ec/620638034620_cover.jpg/600x600bb.jpg,Been Filled
Record,"Too Fast to Live, Too Young to Die",Robert Gordon,1982,"Rock & Roll, Rockabilly",US,,A5,https://is1-ssl.mzstatic.com/image/thumb/Music112/v4/ff/52/27/ff5227a0-0176-0929-0606-1f24d8589298/196589670205.jpg/600x600bb.jpg,Been Filled
Record,Fresh Fish Special,Robert Gordon,1978,"Rock & Roll, Rockabilly, Doo Wop",US,,A5,https://is1-ssl.mzstatic.com/image/thumb/Music124/v4/76/3c/60/763c604b-f7b7-d0b8-5e3c-4dfbaf69184a/886445515800.jpg/600x600bb.jpg,Been Filled
Record,with Link Wray,Robert Gordon,1977,Rockabilly,US,,A5,https://is1-ssl.mzstatic.com/image/thumb/Music115/v4/02/ae/33/02ae333a-5107-5bbe-8d48-42b9086a8bbf/886445515862.jpg/600x600bb.jpg,Been Filled
Record,Are U Gonna Be the One,Robert Gordon,1981,"Rock & Roll, Rockabilly",UK,,A5,https://is1-ssl.mzstatic.com/image/thumb/Music69/v4/63/dc/47/63dc47d1-75f6-ee53-907a-e83c5601174b/886445515770.jpg/600x600bb.jpg,Been Filled
Record,Tasty,Good Rats,1978,"Hard Rock, Prog Rock, Jazz-Rock",US,,A5,https://is1-ssl.mzstatic.com/image/thumb/Music116/v4/13/a5/bb/13a5bb91-8c10-74c9-23e1-14c4a5e14c74/798437070924.jpg/600x600bb.jpg,Been Filled
Record,From Rats to Riches,Good Rats,1978,Hard Rock,US,,A5,https://is1-ssl.mzstatic.com/image/thumb/Music116/v4/8f/52/5d/8f525dca-b58f-3409-b329-8d9fac3bcc57/798437071129.jpg/600x600bb.jpg,Been Filled
Record,Whales and Nightingales,Judy Collins,1970,"Folk Rock, Soft Rock",US,,A5,https://is1-ssl.mzstatic.com/image/thumb/Music/34/f3/45/mzi.tktbyiiw.jpg/600x600bb.jpg,Been Filled
Record,Bloodletting,Concrete Blonde,2017,Alternative Rock,US,,A5,https://is1-ssl.mzstatic.com/image/thumb/Music115/v4/e1/36/b8/e136b8d3-194c-32b2-213b-15ecb8dd21af/05099964869551.rgb.jpg/600x600bb.jpg,Been Filled
Record,Flying Dreams,Commander Cody,1978,Country Rock,US,,A5,https://is1-ssl.mzstatic.com/image/thumb/Music/d2/e3/18/mzi.ftmxlivz.jpg/600x600bb.jpg,Been Filled
Record,Sharks to Blood,Common Language,1993,Indie Rock,UK,,A5,https://is1-ssl.mzstatic.com/image/thumb/Music221/v4/34/af/fb/34affb27-f627-8df2-f889-4c582cdb9615/artwork.jpg/600x600bb.jpg,Been Filled
Record,"Hot Licks, Cold Steel",Commander Cody,1972,"Country Rock, Country, Western Swing",US,,A5,https://is1-ssl.mzstatic.com/image/thumb/Music115/v4/ef/a5/44/efa54430-2092-ef7c-f70c-227875231e61/mzi.mvgkqxjk.jpg/600x600bb.jpg,Been Filled
Record,Don't Ask Don't Tell,Come,2021,"Blues Rock, Indie Rock",UK,,A5,https://is1-ssl.mzstatic.com/image/thumb/Music113/v4/91/b0/0a/91b00a2a-19c1-616e-95d3-0f9292242199/809236162502_cover.jpg/600x600bb.jpg,Been Filled
Record,Steady On,Shawn Calvin,2001,"Gangsta, G-Funk",US,,A5,https://is1-ssl.mzstatic.com/image/thumb/Music/5d/42/28/mzi.avgjrudy.jpg/600x600bb.jpg,Been Filled
Record,Virgins and Philistines,Colour Field,1985,Pop Rock,UK,,A5,https://is1-ssl.mzstatic.com/image/thumb/Music112/v4/a4/46/1a/a4461a80-5a0e-5d23-4db9-8f4728297ab8/5054526675421.png/600x600bb.jpg,Been Filled
Record,Vivid Colors,The Colors,1985,"Punk, Garage Rock",US,,A5,https://is1-ssl.mzstatic.com/image/thumb/Music126/v4/84/9b/06/849b0686-ef5f-dadf-3bee-f80f9a9f61da/cover.jpg/600x600bb.jpg,Been Filled
Record,Malos Colores,The Colors,1987,Punk,US,,A5,https://is1-ssl.mzstatic.com/image/thumb/Music221/v4/1d/35/21/1d352129-b0a3-4a02-5cb4-e7836e9c00ea/840054901287.png/600x600bb.jpg,Been Filled
Record,Deception,The Colourfield,1987,Synth-pop,UK,,A5,https://is1-ssl.mzstatic.com/image/thumb/Music122/v4/7f/b0/64/7fb064a3-150a-4ab3-c9be-94155a7c306c/5054526675414.png/600x600bb.jpg,Been Filled
Record,Wardance,Colosseum II,1977,"Jazz-Rock, Fusion, Prog Rock",Germany,,A5,https://is1-ssl.mzstatic.com/image/thumb/Music115/v4/16/91/60/169160fa-4eb9-9c56-ac57-f7bd815f995d/00602527711386.rgb.jpg/600x600bb.jpg,Been Filled
Record,Home Again,Judy Collins,1984,Soft Rock,US,,A5,https://is1-ssl.mzstatic.com/image/thumb/Music/62/a4/72/mzi.pmsvabbh.jpg/600x600bb.jpg,Been Filled
Record,Go to the Hack,Cosmic Psychos,1989,"Grunge, Punk",Australia,,A5,https://is1-ssl.mzstatic.com/image/thumb/Music6/v4/61/6c/f2/616cf2a5-3fc5-c98a-1801-fe38560540f3/655035029825.jpg/600x600bb.jpg,Been Filled
Record,Saint Julian,Julian Cope,1987,"Alternative Rock, Pop Rock",UK,,A5,https://is1-ssl.mzstatic.com/image/thumb/Music128/v4/47/ea/c2/47eac29c-9835-0c6d-1146-c8794c46d7b2/00602537639243.rgb.jpg/600x600bb.jpg,Been Filled
Record,Sunshine Playroom,Julian Cope,1983,"Pop Rock, Psychedelic Rock",UK,,A5,https://lastfm.freetls.fastly.net/i/u/300x300/c80ac9a628964a0181cf89cada24a31b.jpg,Been Filled
Record,Fried,Julian Cope,1984,"New Wave, Alternative Rock",UK,,A5,https://is1-ssl.mzstatic.com/image/thumb/Music118/v4/a8/7e/a5/a87ea5ae-4986-5589-836a-5ca7b615ed1d/00731453237025.rgb.jpg/600x600bb.jpg,Been Filled
Record,World Shut Your Mouth,Julian Cope,1986,Indie Rock,UK,,A5,https://is1-ssl.mzstatic.com/image/thumb/Music118/v4/86/a7/bb/86a7bb33-0557-db33-93f1-cf7eae524763/00042281836527.rgb.jpg/600x600bb.jpg,Been Filled
Record,My Nation Underground,Julian Cope,1988,"Art Rock, Alternative Rock, Pop Rock, Indie Rock",UK,,A5,https://is1-ssl.mzstatic.com/image/thumb/Music128/v4/e8/1a/83/e81a83ac-f97c-b90e-f69c-4ae56eff7135/00042284265621.rgb.jpg/600x600bb.jpg,Been Filled
Record,Julian Cope,Julian Cope,1987,"Alternative Rock, Pop Rock",UK,,A5,https://is1-ssl.mzstatic.com/image/thumb/Music128/v4/e8/1a/83/e81a83ac-f97c-b90e-f69c-4ae56eff7135/00042284265621.rgb.jpg/600x600bb.jpg,Been Filled
Record,The Lady's not for sale,Rita Coolidge,1973,"Country, Folk Rock, Ballad, Blues Rock",US,,A5,https://is1-ssl.mzstatic.com/image/thumb/Music114/v4/9c/73/53/9c735316-60e3-079e-22ce-6e4f38ccdaf0/00602577239854.rgb.jpg/600x600bb.jpg,Been Filled
Record,Rita Coolidge,Rita Coolidge,1971,"Blues Rock, Folk Rock, Country Rock",US,,A5,https://is1-ssl.mzstatic.com/image/thumb/Music118/v4/c3/9d/75/c39d755a-bff3-2e86-4b8e-02d05ba0e920/00602577239700.rgb.jpg/600x600bb.jpg,Been Filled
Record,Fall Into Spring,Rita Coolidge,1974,"Folk Rock, Country, Ballad, Country Rock",US,,A5,https://is1-ssl.mzstatic.com/image/thumb/Music124/v4/15/76/78/1576780a-9cf8-4b12-4256-76fc6ae138c5/00602577303159.rgb.jpg/600x600bb.jpg,Been Filled
Record,Doug Doug,The Coolies,1988,"Alternative Rock, Art Rock, Punk",US,,A5,https://is1-ssl.mzstatic.com/image/thumb/Music128/v4/a1/68/ed/a168edeb-1924-d1cf-9d8d-210fe74c7a39/859723806037_cover.jpg/600x600bb.jpg,Been Filled
Record,Ry Cooder,Ry Cooder,1970,"Blues Rock, Acoustic",UK,,A5,https://is1-ssl.mzstatic.com/image/thumb/Music/33/21/9e/mzi.fendnjuy.jpg/600x600bb.jpg,Been Filled
Record,Welcome to My Nightmare,Alice Cooper,1977,Classic Rock,UK,,A5,https://is1-ssl.mzstatic.com/image/thumb/Music124/v4/c7/b9/d1/c7b9d142-85db-6bae-97fa-471c5c8da2c6/075678154263.jpg/600x600bb.jpg,Been Filled
Record,Bop till you Drop,Ry Cooper,2016,"Hard House, Hard Trance, House",UK,,A5,https://is1-ssl.mzstatic.com/image/thumb/Music/90/6a/62/mzi.bzayelpn.jpg/600x600bb.jpg,Been Filled
Record,The Essential,Country Joe McDonald,1976,"Folk Rock, Acoustic",US,,A5,https://is1-ssl.mzstatic.com/image/thumb/Music124/v4/cf/ea/1e/cfea1eda-337a-098b-060d-7d55bad1ff57/mzm.wnowqorp.jpg/600x600bb.jpg,Been Filled
Record,Love is a Fire,Country Joe McDonald,1976,Folk Rock,US,,A5,https://i.discogs.com/B3RXC3jK2bvdjnM3Hl2vZ6NoZjA5IbXaCmkxDBCu7jQ/rs:fit/g:sm/q:40/h:150/w:150/czM6Ly9kaXNjb2dz/LWRhdGFiYXNlLWlt/YWdlcy9SLTQwMzg3/MTUtMTM4MTQ0NDQy/NC01NzYzLmpwZWc.jpeg,Been Filled
Record,Dig..?,The Coolies,1986,"Garage Rock, Punk, Parody",US,,A5,https://is1-ssl.mzstatic.com/image/thumb/Music124/v4/1a/6c/0f/1a6c0f8b-0156-3428-93af-fae481fac7d9/dj.jmgcmbga.jpg/600x600bb.jpg,Been Filled
Record,Sense of Direction,Climax Blues Band,1974,Blues Rock,US,,A5,https://is1-ssl.mzstatic.com/image/thumb/Music/5d/0e/74/mzi.xhyycsdu.jpg/600x600bb.jpg,Been Filled
Record,The Crack,Cosmetics,1982,"Leftfield, New Wave",US,,A5,https://lastfm.freetls.fastly.net/i/u/300x300/9f894a581d5f5e800ee3c2183c6df02a.png,Been Filled
Record,Ratcity in Blue,Good Rats,1975,Hard Rock,US,,A5,https://is1-ssl.mzstatic.com/image/thumb/Music122/v4/c5/03/20/c50320e4-7bb4-93ab-20d9-1fcfbeecc8f4/798437071426.jpg/600x600bb.jpg,Been Filled
Record,Slow Motion Apocalypse,Grotus,1993,"Alternative Rock, Experimental, Industrial",US,,A5,https://is1-ssl.mzstatic.com/image/thumb/Music124/v4/bd/9f/86/bd9f869c-7a34-abaa-df4d-673e3e184fd2/mzi.tlvjegbn.jpg/600x600bb.jpg,Been Filled
Record,Release,Henry Grass,1986,Bluegrass,US,,A5,https://i.discogs.com/vYkv9uXzZlNK2G4z3Z5jxhCxXNKbZSe7RETs3x2T3T0/rs:fit/g:sm/q:40/h:150/w:150/czM6Ly9kaXNjb2dz/LWRhdGFiYXNlLWlt/YWdlcy9SLTI4MjM0/MTYtMTQ1NjgwNTk5/MC01MDk5LmpwZWc.jpeg,Been Filled
Record,Hate Us and We'll Love You to Death,Groove Farm,1989,Indie Rock,UK,,A5,https://i.discogs.com/VDuEjPgKQh-Kj0HVCs7DesTvXEbEM1-ARGFvVDYHYP4/rs:fit/g:sm/q:40/h:150/w:150/czM6Ly9kaXNjb2dz/LWRhdGFiYXNlLWlt/YWdlcy9SLTIzMTQx/NDQtMTI3Nzg5NDM3/MS5qcGVn.jpeg,Been Filled
Record,The Best of Grin,Grin,1976,"Blues Rock, Classic Rock",US,,A5,https://is1-ssl.mzstatic.com/image/thumb/Music/d3/e5/e4/mzi.bvlschpv.tif/600x600bb.jpg,Been Filled
Record,Crappin' You Negative,Grifters,1994,Indie Rock,US,,A5,https://is1-ssl.mzstatic.com/image/thumb/Music124/v4/5c/43/28/5c432828-13ff-2c18-09c5-eb4f38166a82/886445929805.jpg/600x600bb.jpg,Been Filled
Record,One Sock Missing,Grifters,1993,"Lo-Fi, Indie Rock",US,,A5,https://is1-ssl.mzstatic.com/image/thumb/Music30/v4/f1/a7/1c/f1a71cf8-17d1-8a8c-e0cd-dd0a7d45243d/886445929812.jpg/600x600bb.jpg,Been Filled
Record,Grin,Grin,1971,Pop Rock,US,,A5,https://is1-ssl.mzstatic.com/image/thumb/Music128/v4/9c/22/b1/9c22b12e-3bd8-e348-e39a-cf068faff287/886446216614.jpg/600x600bb.jpg,Been Filled
Record,All Out,Grin,2016,"Country Rock, Ballad, Classic Rock",Europe,,A5,https://is1-ssl.mzstatic.com/image/thumb/Music22/v4/be/48/73/be4873bf-8734-708e-a011-2a9deb11559e/886446064840.jpg/600x600bb.jpg,Been Filled
Record,Barry Goldberg,Barry Goldberg,1974,"Folk Rock, Country Rock",US,,A5,https://is1-ssl.mzstatic.com/image/thumb/Music124/v4/9e/39/0c/9e390c9b-e22c-593a-2bd1-eb8fb99e69f4/Barry_Goldberg_Cover.jpg/600x600bb.jpg,Been Filled
Record,Bad Boy,Robert Gordon,1980,"Rock & Roll, Rockabilly",US,,A5,https://is1-ssl.mzstatic.com/image/thumb/Music/23/0c/aa/mzi.puxltpcs.jpg/600x600bb.jpg,Been Filled
Record,Rock Billy Boogie,Robert Gordon,1979,Rockabilly,US,,A5,https://is1-ssl.mzstatic.com/image/thumb/Music124/v4/72/5f/2b/725f2bd3-b3ea-5768-2462-103dad584f20/0035629067523.jpg/600x600bb.jpg,Been Filled
Record,2x4,Guadalcanal Diary,1987,"Alternative Rock, Indie Rock",US,,A5,https://is1-ssl.mzstatic.com/image/thumb/Music/21/3e/b0/mzi.blcfcyhr.jpg/600x600bb.jpg,Been Filled
Record,Walking in the shadow of the big man,Guadalcanal Diary,1985,"New Wave, Rock & Roll",US,,A5,https://is1-ssl.mzstatic.com/image/thumb/Music/y2005/m07/d22/h02/mzi.nwlmdhjh.jpg/600x600bb.jpg,Been Filled
Record,Flip Flop,Guadalcanal Diary,1989,"Alternative Rock, Indie Rock",Europe,,A5,https://is1-ssl.mzstatic.com/image/thumb/Music1/v4/4a/73/bb/4a73bb81-c20a-3e96-8934-b861d94a3f0f/603497896509.jpg/600x600bb.jpg,Been Filled
Record,Red Queen to Gryphon Three,Red Gryphon,1974,"Folk Rock, Prog Rock",UK,,A5,https://is1-ssl.mzstatic.com/image/thumb/Music115/v4/25/a8/a7/25a8a7b8-3272-d373-dec4-92e0f69b9d10/4050538403459.jpg/600x600bb.jpg,Been Filled
Record,Blues Obituary,Groundhogs,1969,"Blues Rock, Prog Rock",UK,,A5,https://is1-ssl.mzstatic.com/image/thumb/Music126/v4/ac/0c/43/ac0c4397-73d9-ba30-cf9c-7d47702c1443/809236150646_cover.jpg/600x600bb.jpg,Been Filled
Record,Standin Hampton,Sammy Hagar,1981,Hard Rock,US,,A5,https://is1-ssl.mzstatic.com/image/thumb/Music124/v4/22/48/76/224876db-3b94-4e80-8473-6012bb2a2fa3/00720642200629.rgb.jpg/600x600bb.jpg,Been Filled
Record,The Rock 'n Roll Trio,Johnny Burnette,1956,Rockabilly,US,,A5,https://is1-ssl.mzstatic.com/image/thumb/Music125/v4/dd/77/35/dd773533-06a7-4566-bef4-2c43c24d08f6/603497925759.jpg/600x600bb.jpg,Been Filled
Record,Trap Door,T-Bone Burnett,1982,Rock,US,,A5,https://is1-ssl.mzstatic.com/image/thumb/Music18/v4/ff/21/34/ff213468-3835-ce76-af6d-2836a1e17b3a/603497873296.jpg/600x600bb.jpg,Been Filled
Record,Revenge Fantasies of the Impotent,Alice Donut,1991,Alternative Rock,UK & Europe,,A5,https://is1-ssl.mzstatic.com/image/thumb/Music/6c/33/cc/mzi.fqglsfny.jpg/600x600bb.jpg,Been Filled
Record,The Auto Gift,Eat,1989,Indie Rock,UK,,A5,https://i.discogs.com/iW_3Y4f74dufhvdvtoYXAJgnGBqV97_ES5ZNJoiCvtA/rs:fit/g:sm/q:40/h:150/w:150/czM6Ly9kaXNjb2dz/LWRhdGFiYXNlLWlt/YWdlcy9SLTE1NTUx/MjctMTY1MzE0NDgz/My05NjQ5LmpwZWc.jpeg,Been Filled
Record,Goodbye California,East River Pipe,1993,"Indie Rock, Indie Pop",UK,,A5,https://lastfm.freetls.fastly.net/i/u/300x300/f1aafda2706743109250f2f052fc0f85.jpg,Been Filled
Record,East of Eden,East of Eden,1971,"Jazz-Rock, Prog Rock, Folk Rock",UK,,A5,https://is1-ssl.mzstatic.com/image/thumb/Music128/v4/c4/c6/94/c4c694f8-52a3-47a9-d34c-ea1f5c5ceb92/00050087320720.rgb.jpg/600x600bb.jpg,Been Filled
Record,Easter,Easter,1978,"New Wave, Punk",US,,A5,https://is1-ssl.mzstatic.com/image/thumb/Music124/v4/97/ca/c6/97cac608-74e3-ccd9-93ce-9e518c851e79/886449112746.jpg/600x600bb.jpg,Been Filled
Record,Leveled,Earth Quake,1977,Rock,US,,A5,https://lastfm.freetls.fastly.net/i/u/300x300/ea61122d4b9442aaa6d5fc9fc04c0154.jpg,Been Filled
Record,Love Transfusion,Rockets,1977,"Rock & Roll, Blues Rock, Boogie Woogie",US,,A5,https://i.discogs.com/sA3hyGY-icMCp2Pyr7FJ652S6-pCLUbGEd7jibBEooA/rs:fit/g:sm/q:40/h:150/w:150/czM6Ly9kaXNjb2dz/LWRhdGFiYXNlLWlt/YWdlcy9SLTUwODEx/NjQtMTQwNzYzMTc4/NC01MDExLmpwZWc.jpeg,Been Filled
Record,Birth Comes to Us All,Good Rats,1978,Hard Rock,US,,A5,https://is1-ssl.mzstatic.com/image/thumb/Music/a4/68/69/mzi.pmhdmvxc.jpg/600x600bb.jpg,Been Filled
Record,Say it in Private,Steve Goodman,1977,"Folk Rock, Country",US,,A5,https://lastfm.freetls.fastly.net/i/u/300x300/9d33c21e4045ff3dc66b8d6cf2eef6eb.jpg,Been Filled
Record,Somebody Else's Troubles,Steve Goodman,1972,"Folk, Country, Chicago Blues",US,,A5,https://is1-ssl.mzstatic.com/image/thumb/Features/6f/a1/41/dj.pmivdvrh.jpg/600x600bb.jpg,Been Filled
Record,Blast of Silence,Golden Palaminos,1986,"Alt-Country, Pop Rock",US,,A5,,Been Filled
Record,A Dead Horse,Golden Palaminos,1989,"Dream Pop, Folk Rock, Alternative Rock",US,,A5,https://is1-ssl.mzstatic.com/image/thumb/Music211/v4/07/d8/49/07d849ac-d792-30f1-3c50-7458030c6b97/cover.jpg/600x600bb.jpg,Been Filled
Record,Visions of Excess,Golden Palaminos,1986,"Alternative Rock, New Wave",US,,A5,https://is1-ssl.mzstatic.com/image/thumb/Music211/v4/fe/70/e9/fe70e94b-8a14-1589-829e-08209a0aff28/cover.jpg/600x600bb.jpg,Been Filled
Record,The Animal Speaks,Golden Palaminos,1986,"Alternative Rock, Industrial, Anarcho-Punk",US,,A5,https://is1-ssl.mzstatic.com/image/thumb/Music116/v4/8e/b3/74/8eb3745e-64eb-cefb-034e-01b0d890ed86/cover.jpg/600x600bb.jpg,Been Filled
Record,"No Promises, No Debts",Golden Earring,1979,"Pop Rock, Classic Rock",Netherlands,,A5,https://is1-ssl.mzstatic.com/image/thumb/Music/7a/b8/db/mzi.lqwcuzuh.jpg/600x600bb.jpg,Been Filled
Record,Hogwash,Groundhogs,1972,"Blues Rock, Prog Rock, Space Rock",UK,,A5,https://is1-ssl.mzstatic.com/image/thumb/Music125/v4/e8/ef/4e/e8ef4e81-f03e-4802-f0f2-974576583a89/4015306161627_cover.jpg/600x600bb.jpg,Been Filled
Record,Thank Christ for the Bomb,Groundhogs,1970,"Blues Rock, Prog Rock",UK,,A5,https://is1-ssl.mzstatic.com/image/thumb/Music113/v4/ee/b6/c1/eeb6c1a9-ded7-0776-2133-1a0acc249a43/809236150752_cover.jpg/600x600bb.jpg,Been Filled
Record,Black Diamond,Groundhogs,1976,"Electric Blues, Blues Rock, Hard Rock",US,,A5,https://is1-ssl.mzstatic.com/image/thumb/Music125/v4/87/fa/4e/87fa4e58-0ea5-fb9e-620f-e76735e1d449/4015306161559_cover.jpg/600x600bb.jpg,Been Filled
Record,Scratching the Surface,Groundhogs,1969,Blues Rock,US,,A5,https://is1-ssl.mzstatic.com/image/thumb/Music125/v4/c2/7b/fb/c27bfb68-2e7b-5454-c212-ef3100b88a1b/4015306161658_cover.jpg/600x600bb.jpg,Been Filled
Record,Love's Easy Tears,Cocteau Twins,1986,"Ethereal, Post-Punk, Dream Pop, Indie Rock",UK,,A5,https://is1-ssl.mzstatic.com/image/thumb/Music126/v4/a7/35/72/a7357248-f773-15b4-fd1d-05b7b7d23807/5014436610059.png/600x600bb.jpg,Been Filled
Record,Lullabies,Cocteau Twins,1982,"Post-Punk, Indie Rock",UK,,A5,https://is1-ssl.mzstatic.com/image/thumb/Music126/v4/eb/fe/5d/ebfe5d11-daa5-ffc3-a378-18908e5cdac4/5014436213052.png/600x600bb.jpg,Been Filled
Record,Echoes in a Shallow Bay,Cocteau Twins,1985,Ethereal,UK,,A5,https://is1-ssl.mzstatic.com/image/thumb/Music122/v4/16/48/24/164824d8-cda9-7746-b0e5-0bf47244cc7c/652637051148.png/600x600bb.jpg,Been Filled
Record,Carolyn's Fingers,Cocteau Twins,1988,"Downtempo, Ambient",US,,A5,https://is1-ssl.mzstatic.com/image/thumb/Music116/v4/ea/1a/e0/ea1ae0ab-7a1e-96eb-b2d0-e6878d81c94a/652637080780.png/600x600bb.jpg,Been Filled
Record,Rock n Roll Music,Country Joe McDonald,1978,"Rock & Roll, Rockabilly, Country, Western Swing, Pop Rock",Germany,,A5,https://is1-ssl.mzstatic.com/image/thumb/Music126/v4/32/fc/0e/32fc0e06-473b-0697-88e9-338876afb8d6/artwork.jpg/600x600bb.jpg,Been Filled
Record,Leisure Suite,Country Joe McDonald,1979,"Folk Rock, Country Rock",US,,A5,https://i.discogs.com/L1V7fJ6bHmGQcZuiJ1FVN5lJ0arh9G-Ky4yqUsKt4Uw/rs:fit/g:sm/q:40/h:150/w:150/czM6Ly9kaXNjb2dz/LWRhdGFiYXNlLWlt/YWdlcy9SLTMyNTU5/MTUtMTU5ODE3OTMy/MS05MTY3LmpwZWc.jpeg,Been Filled
,,,,,,,,,
,,,,,,,,,
,,,,,,,,,
,,,,,,,,,
,,,,,,,,,
,,,,,,,,,
,,,,,,,,,
,,,,,,,,,
,,,,,,,,,
,,,,,,,,,
,,,,,,,,,
,,,,,,,,,
,,,,,,,,,
,,,,,,,,,
,,,,,,,,,
,,,,,,,,,
,,,,,,,,,
,,,,,,,,,
Record,Other People's Rooms,Mark Almond Band,1981,"Jazz-Rock, Pop Rock",Germany,,"""B1""",https://is1-ssl.mzstatic.com/image/thumb/Music126/v4/e0/a6/c2/e0a6c225-fb9f-7a55-547e-014cf52693f1/23UMGIM91720.rgb.jpg/600x600bb.jpg,
Record,Home in the Heart of the Beat,Beat Rodeo,1986,Pop Rock,US,,"""B1""",https://is1-ssl.mzstatic.com/image/thumb/Music125/v4/f8/92/62/f892628e-bfd5-2437-c1f5-0ebbd366de09/00602577303098.rgb.jpg/600x600bb.jpg,
Record,Joy's Address,Float Up CP,1984,Experimental,UK,,"""B1""",https://lastfm.freetls.fastly.net/i/u/300x300/e8ca5adcf885fc7edde02e1a6ee8f9b0.jpg,
Record,Stephen Stills 2,Stephen Stills,1971,"Folk Rock, Country Rock, Classic Rock",US,,"""B1""",https://is1-ssl.mzstatic.com/image/thumb/Music/y2005/m03/d14/h21/s06.hxdeqnpl.jpg/600x600bb.jpg,
Record,Gateway 2,John Abercrombie,1978,Post Bop,Germany,,"""B1""",https://is1-ssl.mzstatic.com/image/thumb/Music124/v4/d5/68/14/d568140a-67ad-8ec0-3ec3-9d94fe104ab8/00042284732321.rgb.jpg/600x600bb.jpg,
Record,The Golden Scarab,Ray Manzarek,1974,"Blues Rock, Jazz-Rock",US,,"""B1""",https://is1-ssl.mzstatic.com/image/thumb/Music124/v4/d4/6a/3d/d46a3da3-2b1d-ec75-7ac4-be89d447f02a/21UMGIM17695.rgb.jpg/600x600bb.jpg,
Record,Perspective,Steve Grossman,1979,"Fusion, Jazz-Funk, Jazz-Rock",US,,"""B1""",https://lastfm.freetls.fastly.net/i/u/300x300/19bbe8765583e015c2867a655a7611d0.jpg,
Record,Crosscut Saw,Groundhogs,1976,"Blues Rock, Hard Rock",UK,,"""B1""",https://is1-ssl.mzstatic.com/image/thumb/Music115/v4/8b/eb/b9/8bebb956-e1c5-fd30-dbb2-c00491018360/4015306161580_cover.jpg/600x600bb.jpg,
Record,Wanted Dead Or Alive,David Bromberg,1974,"Blues Rock, Folk Rock",US,,"""B1""",https://is1-ssl.mzstatic.com/image/thumb/Music/02/bb/16/mzi.roebrter.jpg/600x600bb.jpg,
Record,Collection,David Grusin,1989,Smooth Jazz,US,,"""B1""",https://is1-ssl.mzstatic.com/image/thumb/Music128/v4/2e/a9/8f/2ea98f98-cd8a-2e76-be85-9001494624a9/00011105957922.rgb.jpg/600x600bb.jpg,
Record,Son of a Gun,Carey and Lurrie Bell,1984,Chicago Blues,US,,"""B1""",https://is1-ssl.mzstatic.com/image/thumb/Music113/v4/8b/08/ca/8b08ca6a-8e74-aa3a-f45a-e4cb4e8f05c9/192562467916.jpg/600x600bb.jpg,
Record,The David Grisman Quintet,The David Grisman Quintet,1977,Bluegrass,US,,"""B1""",https://is1-ssl.mzstatic.com/image/thumb/Music124/v4/c2/72/cf/c272cfba-078a-37f6-0e20-6344a0a2186b/s06.sxaknxsa.jpg/600x600bb.jpg,
Record,Flags,PAtrick Moraz and Bill Bruford,1985,"Fusion, Contemporary Jazz, Prog Rock",US,,"""B1""",https://is1-ssl.mzstatic.com/image/thumb/Music/v4/d8/95/bb/d895bb96-ea57-e654-40ff-9338bb62ed9b/05099968875152.jpg/600x600bb.jpg,
Record,Concord Jazz,Scott Hamilton,1978,"Post Bop, Swing, Cool Jazz",US,,"""B1""",https://is1-ssl.mzstatic.com/image/thumb/Music128/v4/64/d1/da/64d1dacc-3ad4-d44d-ebbe-8999a2a8ddb9/00013431481928.rgb.jpg/600x600bb.jpg,
Record,Concord Super Band,Scott Hamilton,1980,"Bop, Swing",US,,"""B1""",https://is1-ssl.mzstatic.com/image/thumb/Music128/v4/64/d1/da/64d1dacc-3ad4-d44d-ebbe-8999a2a8ddb9/00013431481928.rgb.jpg/600x600bb.jpg,
Record,Jim Hall's Three,Jim Hall's Three,1986,Jazz,US,,"""B1""",https://is1-ssl.mzstatic.com/image/thumb/Music126/v4/dc/0d/ae/dc0daef8-093e-757d-2b09-90a3d0943075/13ULAIM49008.rgb.jpg/600x600bb.jpg,
Record,That Da Da Strain,Bobby Hackett,1988,Swing,US,,"""B1""",https://i.discogs.com/_FormNhnXEoYbPVcj38NVyFe9g6NQDNZ7sLuUopajxo/rs:fit/g:sm/q:40/h:150/w:150/czM6Ly9kaXNjb2dz/LWRhdGFiYXNlLWlt/YWdlcy9SLTg5MDU4/NTEtMTUxNTU5NjA0/Mi0yNjEyLmpwZWc.jpeg,
Record,Scott Hamilton 2,Scott Hamilton,1978,"Post Bop, Swing, Cool Jazz",US,,"""B1""",https://is1-ssl.mzstatic.com/image/thumb/Music118/v4/89/69/73/89697300-dfdb-ed89-1dc3-e79be8bdd305/00888072042889.rgb.jpg/600x600bb.jpg,
Record,Live at McCabes,John Hammond,2004,Alternative Rock,Italy,,"""B1""",https://i.discogs.com/KwBJ0ZJHgWjOTuPyh_IonLQbV4do_X2L-Nqp_3mG1u4/rs:fit/g:sm/q:40/h:150/w:150/czM6Ly9kaXNjb2dz/LWRhdGFiYXNlLWlt/YWdlcy9SLTE3NTc3/NTYtMTQ0NzAwMjQw/OS05OTc1LmpwZWc.jpeg,
Record,High Plains,Philip Aaberg,1985,New Age,US,,"""B1""",https://is1-ssl.mzstatic.com/image/thumb/Music/8a/be/83/mzi.tgdrlqgb.jpg/600x600bb.jpg,
Record,The Chanting Dread,Big Youth,1982,Roots Reggae,US,,"""B1""",https://is1-ssl.mzstatic.com/image/thumb/Music/7d/46/bd/mzi.iqyoznzi.jpg/600x600bb.jpg,
Record,In Concert,The Scott Hamilton Quintet,1984,Swing,US,,"""B1""",https://is1-ssl.mzstatic.com/image/thumb/Music2/v4/97/01/0a/97010a26-b3e4-c0ec-1204-a0ea00c0b563/8427328622455.jpg/600x600bb.jpg,
Record,Solar,John Abercrombie,1984,"Post Bop, Contemporary Jazz",US,,"""B1""",https://is1-ssl.mzstatic.com/image/thumb/Music/e6/f7/4e/mzi.ebetpioz.jpg/600x600bb.jpg,
Record,"Johnny Griffith and Eddie ""Lockjaw"" Davis",Johnny Griffith,2006,Jazz,US,,"""B1""",https://is1-ssl.mzstatic.com/image/thumb/Music/v4/80/8d/10/808d104c-9772-87cd-640f-2332fde25db4/Cover.jpg/600x600bb.jpg,
Record,1930s,Big Bands,1987,Swing,US,,"""B1""",https://is1-ssl.mzstatic.com/image/thumb/Music126/v4/de/af/1f/deaf1fea-c213-986b-e703-d58e4d8bfcf4/67755.jpg/600x600bb.jpg,
Record,A Hundred Years,Irving Berlin,1988,Jazz,US,,"""B1""",https://is1-ssl.mzstatic.com/image/thumb/Music/f5/c3/1c/mzi.czqggjzw.jpg/600x600bb.jpg,
Record,Arcade,John Abercrombie Quartet,1979,Contemporary Jazz,US,,"""B1""",https://is1-ssl.mzstatic.com/image/thumb/Music124/v4/4b/cc/79/4bcc797a-ca54-540d-9ead-0a398adfa9fc/00602527307312.rgb.jpg/600x600bb.jpg,
Record,A Luta Continua,Big Youth,1985,Roots Reggae,US,,"""B1""",https://is1-ssl.mzstatic.com/image/thumb/Music/5e/b2/59/mzi.tmughpfk.jpg/600x600bb.jpg,
Record,M,John Abercrombie Quartet,1980,Contemporary Jazz,Germany,,"""B1""",https://lastfm.freetls.fastly.net/i/u/300x300/46b6220d518a499c94ccffac75794d29.jpg,
Record,Basic Blythe,Arthur Blythe,1988,Jazz,US,,"""B1""",https://is1-ssl.mzstatic.com/image/thumb/Music122/v4/0f/74/ef/0f74efaa-68ca-88d0-17bb-b8c82126f60a/886446132389.jpg/600x600bb.jpg,
Record,Sargasso Sea,John Abercrombie,1976,Contemporary Jazz,Germany,,"""B1""",https://is1-ssl.mzstatic.com/image/thumb/Music128/v4/98/e5/81/98e581f6-99fd-9639-ef72-f1797fea0d1d/00602517758124.rgb.jpg/600x600bb.jpg,
Record,Softly Strong,Jasmine,1987,Jazz,US,,"""B1""",https://i.discogs.com/UfdEm3b-m0fZdyOnbEFnSirGHEvgAYJPD_Kf1jTb1JU/rs:fit/g:sm/q:40/h:150/w:150/czM6Ly9kaXNjb2dz/LWRhdGFiYXNlLWlt/YWdlcy9SLTM1ODAx/NTMtMTM4NDcxMjg0/MS0zMDIyLmpwZWc.jpeg,
Record,Characters,John Abercrombie,1978,Contemporary Jazz,US,,"""B1""",https://is1-ssl.mzstatic.com/image/thumb/Music118/v4/02/a9/46/02a946e4-b80f-4050-74e2-7581ef61df81/00042282937223.rgb.jpg/600x600bb.jpg,
Record,Life's a Beach,Java,1983,"Fusion, Jazz-Funk",US,,"""B1""",https://i.discogs.com/85ZdDEju_1aUnf8q1AJvL3yxefN5ZkBLKYj5a4NLIEY/rs:fit/g:sm/q:40/h:150/w:150/czM6Ly9kaXNjb2dz/LWRhdGFiYXNlLWlt/YWdlcy9SLTY2ODcy/MzItMTUzODY2ODk1/MS01NTc4LmpwZWc.jpeg,
Record,Bar Room Preacher,Jimmy Johnson,1985,Chicago Blues,US,,"""B1""",https://is1-ssl.mzstatic.com/image/thumb/Features/e1/82/5d/dj.mzdierle.jpg/600x600bb.jpg,
Record,Whatever Works,John Jarvis,1988,"Smooth Jazz, Ballad",US,,"""B1""",https://lastfm.freetls.fastly.net/i/u/300x300/6fbce3a7b9d2403cbe3db914262f6bf4.jpg,
Record,Jonestown,Winston Jarrett,1989,Roots Reggae,US,,"""B1""",https://is1-ssl.mzstatic.com/image/thumb/Music/70/f1/71/mzi.yjbcdris.tif/600x600bb.jpg,
Record,It's Time,Waylon Jennings,1969,Country,US,,"""B1""",https://is1-ssl.mzstatic.com/image/thumb/Music125/v4/b6/f7/49/b6f749c6-5d5c-cc69-73ec-4c7f26358a2c/828765726726.jpg/600x600bb.jpg,
Record,My Song,Keith Jarrett,1978,Contemporary Jazz,Germany,,"""B1""",https://is1-ssl.mzstatic.com/image/thumb/Music124/v4/9e/6f/da/9e6fdaa7-6273-fab1-c16c-7b0b39aa8817/00602547301246.rgb.jpg/600x600bb.jpg,
Record,Tabernakel,Jan Akkerman,1973,"Jazz-Rock, Art Rock, Prog Rock",Germany,,"""B1""",https://is1-ssl.mzstatic.com/image/thumb/Music/y2005/m03/d14/h23/s06.azhqqxod.jpg/600x600bb.jpg,
Record,Slick Trick,The Belle Stars,1981,"New Wave, Jazz-Funk",UK,,"""B1""",https://i.discogs.com/fd9Eg5pHjHgE7-feMCfmSDCAxGgAYZ16Qlw69ExFjiE/rs:fit/g:sm/q:40/h:150/w:150/czM6Ly9kaXNjb2dz/LWRhdGFiYXNlLWlt/YWdlcy9SLTI1Mjk3/MzgtMTQyNzUyNDU5/NS01ODIwLmpwZWc.jpeg,
Record,What You Wanted,Bel Fires,1988,Rock,US,,"""B1""",https://is1-ssl.mzstatic.com/image/thumb/Music124/v4/cf/66/73/cf6673b8-b936-dc2e-4f9c-75595eb545b2/075679791344.jpg/600x600bb.jpg,
Record,Sign of the Times / Madness,Belle Stars,1982,"New Wave, Spoken Word",US,,"""B1""",https://i.discogs.com/dGKQ6PRNQxClit2h_fyN826IqLv-nNSztbVG47X5Oc0/rs:fit/g:sm/q:40/h:150/w:150/czM6Ly9kaXNjb2dz/LWRhdGFiYXNlLWlt/YWdlcy9SLTcwMTg4/NTEtMTQzMTgwMDYx/OS01NTk4LmpwZWc.jpeg,
Record,Joyous Lake,Pat Martino,1976,Fusion,US,,"""B1""",https://is1-ssl.mzstatic.com/image/thumb/Music/5b/12/4b/mzi.nhwuupgx.jpg/600x600bb.jpg,
Record,Ambush,Marc Benno,1972,"Blues Rock, Texas Blues, Rock & Roll, Memphis Blues, Soul, Chicago Blues",US,,"""B1""",https://lastfm.freetls.fastly.net/i/u/300x300/4076a37a88664e09b23203228ab062f2.jpg,
Record,Burning Down a Rhythm,Floy Joy,2007,"Country, Bubblegum, Rockabilly, Rock & Roll, Rhythm & Blues, Schlager, Soft Rock, Country Rock, Blues Rock",UK & Europe,,"""B1""",https://i.discogs.com/G1r-zAc8-T1gHfFiSBCcOu6qDn7QYI8_Szcv030vNis/rs:fit/g:sm/q:40/h:150/w:150/czM6Ly9kaXNjb2dz/LWRhdGFiYXNlLWlt/YWdlcy9SLTE1MTQ2/NzYwLTE1ODcyODk5/NTEtMzk3NS5qcGVn.jpeg,
Record,Live in Hollywood,Warne Marsh,1985,"Cool Jazz, Bop",US,,"""B1""",https://lastfm.freetls.fastly.net/i/u/300x300/853d970aceacd2f1840ee9693361850b.jpg,
Record,The Children of Sanchez,Chuck Mangione,1978,"Soundtrack, Fusion, Smooth Jazz, Latin Jazz",US,,"""B1""",https://is1-ssl.mzstatic.com/image/thumb/Music118/v4/ed/13/24/ed132426-3265-9dcf-cddf-4bb968000b2a/00602527064000.rgb.jpg/600x600bb.jpg,
Record,Some Great Big Youth,Big Youth,1981,Roots Reggae,US,,"""B1""",https://lastfm.freetls.fastly.net/i/u/300x300/aba7819f460847a4aa6def3390a2cdd8.jpg,
Record,Grand Cross,David Matthews,1981,"Fusion, Jazz-Funk, Latin Jazz",Japan,,"""B1""",https://is1-ssl.mzstatic.com/image/thumb/Music221/v4/4c/c1/98/4cc198bb-5e99-5490-9636-8b4eee5b2c9d/789622.jpg/600x600bb.jpg,
Record,The Axeman's Jazz,Beasts of Bourbon,1985,Alternative Rock,UK,,"""B1""",https://lastfm.freetls.fastly.net/i/u/300x300/9a95b04bd0e44373a0b1134656be94bd.jpg,
Record,Golden Summer,Golden Summer,1976,Surf,US,,"""B1""",https://is1-ssl.mzstatic.com/image/thumb/Music124/v4/e6/26/99/e62699df-6422-1a83-6ac9-73394760a6e7/4A68E64E-E315-46F9-A442-50B9618106CD.png/600x600bb.jpg,
Record,Tiembelema,African Connection,1984,Afrobeat,US,,"""B1""",https://i.discogs.com/UipKgd1RxX43lU6Zn0GtciNyo2Tcf3B87C4OAnYuIXM/rs:fit/g:sm/q:40/h:150/w:150/czM6Ly9kaXNjb2dz/LWRhdGFiYXNlLWlt/YWdlcy9SLTEwNDYw/NjMtMTQxMTg4OTI3/NS00OTMyLmpwZWc.jpeg,
Record,Obo,Obo Addy,1984,"African, Afrobeat",US,,"""B1""",https://is1-ssl.mzstatic.com/image/thumb/Features/d8/bc/e9/dj.hbaneptw.tif/600x600bb.jpg,
Record,From the Heart,Johnny Adams,1984,"Soul-Jazz, Rhythm & Blues",US,,"""B1""",https://is1-ssl.mzstatic.com/image/thumb/Features124/v4/9f/85/3f/9f853f76-c50f-527a-2347-45fbd6cbd00e/dj.dudncqzh.jpg/600x600bb.jpg,
Record,I Will Say Goodbye,Bill Evans Trio,1980,Post Bop,US,,"""B1""",https://is1-ssl.mzstatic.com/image/thumb/Music124/v4/82/3f/ee/823feeea-8014-62f9-7e17-ebad3e0002a8/00025218676120.rgb.jpg/600x600bb.jpg,
Record,Live,Jan Akkerman,2018,"Jazz, Rock, Blues, Classical",Netherlands,,"""B1""",https://is1-ssl.mzstatic.com/image/thumb/Music112/v4/e8/bd/64/e8bd64ee-844e-2436-990c-2e02cd859ae6/5054197231704.jpg/600x600bb.jpg,
Record,Radio Show Volume III,Wynton Marsalis,1988,"Jazz, Non-Music",US,,"""B1""",https://is1-ssl.mzstatic.com/image/thumb/Music/43/7b/0e/mzi.evsajtyu.jpg/600x600bb.jpg,
Record,Radio Show Volume II,Wynton Marsalis,1988,"Jazz, Non-Music",US,,"""B1""",https://is1-ssl.mzstatic.com/image/thumb/Music/43/7b/0e/mzi.evsajtyu.jpg/600x600bb.jpg,
Record,Hurting Inside,Cedella Marley,1989,Soundtrack,US,,"""B1""",https://is1-ssl.mzstatic.com/image/thumb/Music128/v4/38/69/1e/38691ec2-55e2-f2a3-950a-398581b609d4/HurtingInside-Cover.png/600x600bb.jpg,
Record,One More for the Road,Charles Brown,1989,Piano Blues,US,,"""B1""",https://is1-ssl.mzstatic.com/image/thumb/Features/22/c6/78/dj.cwnauznx.jpg/600x600bb.jpg,
Record,Svingin' with Svend,David Grisman Quintet,1988,"Swing, Bluegrass, Gypsy Jazz, Nordic, Progressive Bluegrass",US,,"""B1""",https://lastfm.freetls.fastly.net/i/u/300x300/225d4af1771bf7d2b29cf5e21fb7466d.jpg,
Record,Quintet '80,David Grisman,1980,"Acoustic, Bluegrass, Progressive Bluegrass",US,,"""B1""",https://is1-ssl.mzstatic.com/image/thumb/Music126/v4/00/a2/f2/00a2f24f-e9eb-11c1-786d-024ac219c60f/715949500619.png/600x600bb.jpg,
Record,Small Combos,The 1930s,1987,"Bop, Swing",US,,"""B1""",https://i.discogs.com/s7wae9QOjskz3W1H-Z3EcSnsIi0e3rRQk3aVuUfZkWA/rs:fit/g:sm/q:40/h:150/w:150/czM6Ly9kaXNjb2dz/LWRhdGFiYXNlLWlt/YWdlcy9SLTMwNzIx/NzItMTMxNDM5MTYw/OS5qcGVn.jpeg,
Record,Standards Live,Keith Jarrett,1986,Post Bop,Germany,,"""B1""",https://is1-ssl.mzstatic.com/image/thumb/Music115/v4/5f/19/fd/5f19fd6f-21a3-6e20-38e3-ad274ad85296/21UMGIM37902.rgb.jpg/600x600bb.jpg,
Record,Steppin' On The Blues,Lonnie Johnson,1990,"Country Blues, Delta Blues",US,,"""B1""",https://is1-ssl.mzstatic.com/image/thumb/Features/v4/fc/50/c3/fc50c3e4-7545-fd34-0eaf-da30d099346a/dj.hdylzrwj.jpg/600x600bb.jpg,
Record,Journey to a Rainbow,Chuck Mangione,1983,Smooth Jazz,US,,"""B1""",https://is1-ssl.mzstatic.com/image/thumb/Music126/v4/d8/ee/1f/d8ee1fcc-a982-0763-60ae-eb8cdff59c85/196871222754.jpg/600x600bb.jpg,
Record,Walking on a Tightrope,Johnny Adams,1989,"Soul-Jazz, Rhythm & Blues",US,,"""B1""",https://is1-ssl.mzstatic.com/image/thumb/Music113/v4/66/e2/8a/66e28a47-c005-f317-bd16-47a40a53f55d/19CRGIM11660.rgb.jpg/600x600bb.jpg,
Record,To Each..,A Certain Ratio,1981,"New Wave, Funk",UK,,"""B1""",https://is1-ssl.mzstatic.com/image/thumb/Music71/v4/46/0d/e8/460de81c-946c-ad3d-e202-ddad06dba6c2/724596966112.jpg/600x600bb.jpg,
Record,Carnaval,Wynton Marsalis,1987,Classical,US,,"""B1""",https://is1-ssl.mzstatic.com/image/thumb/Music/c1/96/3d/mzi.xmdnlwam.jpg/600x600bb.jpg,
Record,Manolo,Manolo,1979,"Fusion, Jazz-Funk, Latin Jazz",US,,"""B1""",https://is1-ssl.mzstatic.com/image/thumb/Music115/v4/5f/5b/7e/5f5b7ec5-9326-42e3-ccda-c57b2f99ae26/196292039474.jpg/600x600bb.jpg,
Record,Round Trip,Eric Marienthal,1989,Contemporary Jazz,US,,"""B1""",https://lastfm.freetls.fastly.net/i/u/300x300/55226bb8498ec8b7a7383b2a49f0f2dd.jpg,
,,,,,,,,,
,,,,,,,,,
,,,,,,,,,
,,,,,,,,,
Record,Picking Up Where I Left Off...,Spot,,,,,,,
Record,Witness,Spooky Tooth,,,,,,,
Record,The Mirror,Spooky Tooth,,,,,,,
Record,That Was Only Yesterday,Spooky Tooth,,,,,,,
Record,The Last Puff,Spooky Tooth,,,,,,,
Record,Frenzy!,Spontaneous Consumer,,,,,,,
Record,Mental Notes,Split Enz,,,,,,,
Record,Time and Tide,Split Enz,,,,,,,
Record,Feelin' Bitchy,Splatcats,,,,,,,
Record,Live Sampler,Outlaws,,,,,,,
,Whirlpool,Some Velvet Sidewalk,,,,,,,
,Back in Line,Steeleye Span,,,,,,,
,Hello!,Status Quo,,,,,,,
,Starz,Starz,,,,,,,
,Starstruck Sountrack,Various Artists,1982,,,,,,
,Fountains of Life,Starcastle,,,,,,,
,Searching For A Thrill!,Starbuck,,,,,,,
,Friends and Legends,Michael Stanley,,,,,,,
,Greatest Hits,Michael Stanley Band,,,,,,,
,Jim Stafford,Jim Stafford,,,,,,,
,Extravaganza,Stackridge,,,,,,,
,SRC,SRC,,,,,,,
,Frank,Squeeze,,,,,,,
,The Singles Album,Squire,,,,,,,
,Babylond And On,Squeeze,,,,,,,
,U.K. Squeeze,Squeeze,,,,,,,
,Cool for Cats,Squeeze,,,,,,,
,No Time,Squalls,,,,,,,
,Rebel Shoes,Squalls,,,,,,,
,Same,Skinyard,,,,,,,
,The Family That Plays Together,Spirit,,,,,,,
,Feedback,Spirit,,,,,,,
,Orange,The Jon Spencer Blues Explosion,,,,,,,
,Big Beat,Sparks,,,,,,,
,Introducing Sparks,Sparks,,,,,,,
,The Souther Hillman Furay Band,The Souther Hillman Furay Band,,,,,,,
,Hearts of Stone,Southside Johnny,,,,,,,
,You're Only Lonely,J.D. Souther,,,,,,,
,Black Rose,John David Souther,,,,,,,
,Heads and Hearts,The Sound,,,,,,,
,In The Hothouse,The Sound,,,,,,,
,Shock of Daylight,The Sound,,,,,,,
,Thunder Up,The Sound,,,,,,,
,To Spite My Face,Sister Ray,,,,,,,
,Social Unrest,Social Unrest,,,,,,,
,Slow,Sneetchers,,,,,,,
,All You Can Eat,Smokin' Rhythm Prawns,,,,,,,
,Beauty On The Interstate,Smart Opera,,,,,,,
,Rattlesnake Bite,Smack,,,,,,,
,Thrust,Sleepless,,,,,,,
,Three Lefts Make A Right,Slap of Reality,,,,,,,
,Sky 4: Forthcoming,Sky,,,,,,,
,Sky 2,Sky,,,,,,,
,Sky 3,Sky,,,,,,,
,Skinner Box,Skinner Box,,,,,,,
,,,,,,,,,
,,,,,,,,,
,,,,,,,,,
,,,,,,,,,
,,,,,,,,,
,,,,,,,,,
,,,,,,,,,
,,,,,,,,,
,,,,,,,,,
,,,,,,,,,
,,,,,,,,,
,,,,,,,,,
,,,,,,,,,
,,,,,,,,,
,,,,,,,,,
,,,,,,,,,
,,,,,,,,,
,,,,,,,,,
,,,,,,,,,
,,,,,,,,,
,,,,,,,,,
,,,,,,,,,
,,,,,,,,,
,,,,,,,,,
,,,,,,,,,
,,,,,,,,,
,,,,,,,,,
,,,,,,,,,
,,,,,,,,,
,,,,,,,,,
,,,,,,,,,
,,,,,,,,,
,,,,,,,,,
,,,,,,,,,
,,,,,,,,,
,,,,,,,,,
,,,,,,,,,
,,,,,,,,,
,,,,,,,,,
,,,,,,,,,
,,,,,,,,,
,,,,,,,,,
,,,,,,,,,
,,,,,,,,,
,,,,,,,,,
,,,,,,,,,
,,,,,,,,,
,,,,,,,,,
,,,,,,,,,
,,,,,,,,,
,,,,,,,,,
,,,,,,,,,
,,,,,,,,,
,,,,,,,,,
,,,,,,,,,
,,,,,,,,,
,,,,,,,,,
,,,,,,,,,
,,,,,,,,,
,,,,,,,,,
,,,,,,,,,
,,,,,,,,,
,,,,,,,,,
,,,,,,,,,
,,,,,,,,,
,,,,,,,,,
,,,,,,,,,
,,,,,,,,,
,,,,,,,,,
,,,,,,,,,
,,,,,,,,,
,,,,,,,,,
,,,,,,,,,
,,,,,,,,,
,,,,,,,,,
,,,,,,,,,
,,,,,,,,,
,,,,,,,,,
,,,,,,,,,
,,,,,,,,,
,,,,,,,,,
,,,,,,,,,
,,,,,,,,,
,,,,,,,,,
,,,,,,,,,
,,,,,,,,,
,,,,,,,,,
,,,,,,,,,
,,,,,,,,,
,,,,,,,,,
,,,,,,,,,
,,,,,,,,,
,,,,,,,,,
,,,,,,,,,
,,,,,,,,,
,,,,,,,,,
,,,,,,,,,
,,,,,,,,,
,,,,,,,,,
,,,,,,,,,
,,,,,,,,,
,,,,,,,,,
,,,,,,,,,
,,,,,,,,,
,,,,,,,,,
,,,,,,,,,
,,,,,,,,,
,,,,,,,,,
,,,,,,,,,
,,,,,,,,,
,,,,,,,,,
,,,,,,,,,
,,,,,,,,,
,,,,,,,,,
,,,,,,,,,
,,,,,,,,,
,,,,,,,,,
Record,We Love You Fats,"Teresa Brewer, Earl Fatha Hines",1978,Jazz,United States,"Fats Waller, ",C2,"https://m.media-amazon.com/images/I/91BSNPTnCIL._UF1000,1000_QL80_.jpg",
Record,Midnight Mood,Mark Murphy,1967,Jazz,Germany,,C2,https://encrypted-tbn0.gstatic.com/images?q=tbn:ANd9GcTBPqmnPiZbPFSAuQHq0WZ0wf1leset2689Wzo48TZnUQ&s=10,
Record,Nite Street,Rob Mullins,1986,Jazz,United States,,C2,https://i.discogs.com/inkCspPj6eiPFjzN523bGzx3Le3ukoqpr81nr-L9Eqk/rs:fit/g:sm/q:90/h:600/w:600/czM6Ly9kaXNjb2dz/LWRhdGFiYXNlLWlt/YWdlcy9SLTI4Mzk0/NDUtMTYzODg2OTQ3/OC00NzgxLmpwZWc.jpeg,
Record,The Arranger,Gerry Mulligan,1977,Jazz,United States,,C2,https://encrypted-tbn0.gstatic.com/images?q=tbn:ANd9GcQECQSzknyDh7sQWusdHxCm_4lxQPVKOBILMKCyRQ1UUw&s=10,
Record,Really Cookin,The Hot Frogs Jumpin' Jazz Band,1978,Dixieland Jazz,United States,"Jelly Roll Morton, Monty Sunshine",C2,https://www.discogs.com/release/7011746-The-Hot-Frogs-Jumpin-Jazz-Band-Really-Cookin/image/SW1hZ2U6MTg2NTczOTE=?srsltid=AfmBOoqM9aLr0M1tIlFKPifl-Rg3xUjgQDGnGZtpxfwexEkpaPKVrzDs,
Record,Detroit Special,John Lee Hooker,1972,Blues,United States,,C2,https://www.discogs.com/release/4489601-John-Lee-Hooker-Detroit-Special/image/SW1hZ2U6ODk2MzUxNg==?srsltid=AfmBOoqzKMW2eiIHi9SkB8OVOYIOp_vPuy3PRNIQS2y0zpwaUNqK2-zc,
Record,On Course,Christopher Holldyay,1990,Jazz,United States,,C2,https://img.cdandlp.com/2016/08/imgL/118253316.jpg,
Record,Atavachron,Allan Holdsworth,1986,Jazz Fusion,United States,,C2,https://upload.wikimedia.org/wikipedia/en/5/54/Allan_Holdsworth_-_1986_-_Atavachron.jpg,
Record,The Smooth One,Johnny Hodges,1979,Jazz,United States,,C2,https://share.google/qghybpB4CyWJjw0AB,
Record,The Glory of Alberta Hunter,Alberta Hunter,1982,"Jazz, Blues",United States,,C2,https://share.google/pXYwv1cHM9YR2YUzJ,
Record,the ides of march,Vehicle,1970,Prog Rock,United States,,C2,https://en.wikipedia.org/wiki/File:Idesvehicle.jpg,
Record,,,,,,,,,
,,,,,,,,,
,,,,,,,,,
,,,,,,,,,
,,,,,,,,,
,,,,,,,,,
,,,,,,,,,
,,,,,,,,,
,,,,,,,,,
,,,,,,,,,
,,,,,,,,,
,,,,,,,,,
,,,,,,,,,
,,,,,,,,,
,,,,,,,,,
,,,,,,,,,
,,,,,,,,,
,,,,,,,,,
,,,,,,,,,
,,,,,,,,,
,,,,,,,,,
,,,,,,,,,
,,,,,,,,,
,,,,,,,,,
,,,,,,,,,
,,,,,,,,,
,,,,,,,,,
,,,,,,,,,
,,,,,,,,,
,,,,,,,,,
,,,,,,,,,
,,,,,,,,,
,,,,,,,,,
,,,,,,,,,
,,,,,,,,,
,,,,,,,,,
,,,,,,,,,
,,,,,,,,,
,,,,,,,,,
,,,,,,,,,
,,,,,,,,,
,,,,,,,,,
,,,,,,,,,
,,,,,,,,,
,,,,,,,,,
,,,,,,,,,
,,,,,,,,,
,,,,,,,,,
,,,,,,,,,
,,,,,,,,,
,,,,,,,,,
,,,,,,,,,
,,,,,,,,,
,,,,,,,,,
,,,,,,,,,
,,,,,,,,,
,,,,,,,,,
,,,,,,,,,
,,,,,,,,,
,,,,,,,,,
,,,,,,,,,
Record,,The Primitives,1988,Pop,UK,"The Breeders, Blondie, ",J2,https://is1-ssl.mzstatic.com/image/thumb/Music221/v4/e8/65/05/e86505d5-5910-4029-99b8-9964337739a1/114137.jpg/600x600bb.jpg,Been Filled
Record,Lovely,Pousette Dart Band,1979,Rock,US,"Wings, The Eagles",J2,,Been Filled
Record,Never Enough,Polyrock,1981,Rock,UK,"Talking Heads, Wire, Television",J2,https://i.discogs.com/Run-z4tkROBCTN4jTiATSKdGUGN77TAtzSxd1FAc8F0/rs:fit/g:sm/q:40/h:150/w:150/czM6Ly9kaXNjb2dz/LWRhdGFiYXNlLWlt/YWdlcy9SLTEwMDk2/MjgxLTE0OTE1NDAw/MjktNjU1NS5qcGVn.jpeg,Been Filled
,Changing Hearts,The Pontiac Brothers,1987,,,,J2,,
,Dirty Deeds,Poi Dog Pondering,1990,Folk,,"The Smiths, The Sundays, Wilco",J2,,
,Wishing Like A Mountain And Thinking Like The Sea,,,,,,,,
,,,,,,,,,
,,,,,,,,,
,,,,,,,,,
,,,,,,,,,
,,,,,,,,,
,,,,,,,,,
,,,,,,,,,
,,,,,,,,,
,,,,,,,,,
,,,,,,,,,
,,,,,,,,,
,,,,,,,,,
,,,,,,,,,
,,,,,,,,,
,,,,,,,,,
,,,,,,,,,
,,,,,,,,,
,,,,,,,,,
,,,,,,,,,
,,,,,,,,,
,,,,,,,,,
,,,,,,,,,
,,,,,,,,,
,,,,,,,,,
,,,,,,,,,
,,,,,,,,,
,,,,,,,,,
,,,,,,,,,
,,,,,,,,,
,,,,,,,,,
,,,,,,,,,
,,,,,,,,,
,,,,,,,,,
,,,,,,,,,
,,,,,,,,,
,,,,,,,,,
,,,,,,,,,
,,,,,,,,,
,,,,,,,,,
,,,,,,,,,
,,,,,,,,,
,,,,,,,,,
,,,,,,,,,
,,,,,,,,,
,,,,,,,,,
,,,,,,,,,
,,,,,,,,,
,,,,,,,,,
,,,,,,,,,
,,,,,,,,,
,,,,,,,,,
,,,,,,,,,
,,,,,,,,,
,,,,,,,,,
,,,,,,,,,
,,,,,,,,,
,,,,,,,,,
,,,,,,,,,
,,,,,,,,,
,,,,,,,,,
,,,,,,,,,
,,,,,,,,,
,,,,,,,,,
,,,,,,,,,
,,,,,,,,,
,,,,,,,,,
,,,,,,,,,
,,,,,,,,,
,,,,,,,,,
,,,,,,,,,
,,,,,,,,,
,,,,,,,,,
,,,,,,,,,
,,,,,,,,,
,,,,,,,,,
,,,,,,,,,
,,,,,,,,,
,,,,,,,,,
,,,,,,,,,
,,,,,,,,,
,,,,,,,,,
,,,,,,,,,
,,,,,,,,,
,,,,,,,,,
,,,,,,,,,
,,,,,,,,,
,,,,,,,,,
,,,,,,,,,
,,,,,,,,,
,,,,,,,,,
,,,,,,,,,
,,,,,,,,,
,,,,,,,,,
,,,,,,,,,
,,,,,,,,,
CD,Dont Lose Your Mind,The Beginners Mynd,2017,"Psychedelic Rock, Garage Rock",US,"Billie Elish, Squirrel Flower, Cavetown,",Mystery Cubby,https://is1-ssl.mzstatic.com/image/thumb/Music221/v4/6c/e4/1a/6ce41aa5-6f89-6538-63f0-c176b07d2c8b/artwork.jpg/600x600bb.jpg,Been Filled
CD,Truth or Truth,Ava Della Pierta,2022,,,,Mystery Cubby,https://is1-ssl.mzstatic.com/image/thumb/Music122/v4/f0/09/50/f00950dd-6b95-f0b8-018c-6a98c3f34b42/859764134625_cover.jpg/600x600bb.jpg,Been Filled
CD,Data Doom,Frankie and the Witch Fingers,2023,"Garage Rock, Psychedelic Rock, Alternative Rock",US,,Mystery Cubby,https://lastfm.freetls.fastly.net/i/u/300x300/1f3b1345e7bfb51d579b12aa4764a9f1.jpg,Been Filled
CD,Psyence Fiction,UNKLE,1998,"Trip Hop, Downtempo",UK,,Mystery Cubby,https://is1-ssl.mzstatic.com/image/thumb/Music113/v4/08/a2/b0/08a2b03f-5ebd-714c-a48a-02867aa1849d/5400863128807_cover.jpg/600x600bb.jpg,Been Filled
CD,A Night to Remember,Brion Starr,2021,"Rock, Pop",Europe,,Mystery Cubby,https://lastfm.freetls.fastly.net/i/u/300x300/6589d989717644891f2c2fe98063a580.jpg,Been Filled
CD,Welcome to Doc City,Doc City/Clarence Taylor MD,,,,"Norah Jones, Alicia Keys",Mystery Cubby,,Been Filled
CD,Blueskies and Makeup,Franklin Gothom,2021,,,,Mystery Cubby,https://is1-ssl.mzstatic.com/image/thumb/Music125/v4/17/c1/95/17c195d7-ed0b-2c83-2b4d-72233d3a3af8/198002184696.jpg/600x600bb.jpg,Been Filled
CD,Still Life,Carson McHone,2022,"Folk, World, & Country",US,,Mystery Cubby,https://is1-ssl.mzstatic.com/image/thumb/Music211/v4/0b/15/20/0b1520dd-cb26-c389-3aac-09a95ccecdf6/57200.jpg/600x600bb.jpg,Been Filled
CD,Kady Rain,Kady Rain,2022,Indie Pop,US,"Avril Lavigne, Katy Perry, Potty Mouth",Mystery Cubby,https://is1-ssl.mzstatic.com/image/thumb/Music115/v4/5d/4d/f9/5d4df96a-e95e-2fe9-404a-5d570513762d/20UMGIM15390.rgb.jpg/600x600bb.jpg,Been Filled
CD,I'm So Confused,Jonathan Richman,1998,"Alternative Rock, Folk Rock",US,Billy Joel,Mystery Cubby,https://is1-ssl.mzstatic.com/image/thumb/Music/y2005/m06/d02/h10/s05.gsisrtlm.jpg/600x600bb.jpg,Been Filled
CD,Stardust Hurt,Larry Wish,2021,"Country, Experimental",US,Willie Nelson,Mystery Cubby,https://is1-ssl.mzstatic.com/image/thumb/Music124/v4/4b/9f/fa/4b9ffac7-ffc6-872d-a6cd-5d8b797ee021/artwork.jpg/600x600bb.jpg,Been Filled
CD,ELECTRIC LECTURE,Electric Lecture,1975,Jazz,UK,Apples in Stereo,Mystery Cubby,https://is1-ssl.mzstatic.com/image/thumb/Music116/v4/98/2f/6c/982f6c83-3089-5cae-0fa4-369ebd1bb6fd/198003073029.jpg/600x600bb.jpg,Been Filled
CD,Endless From the Start,Union of Knives,2022,"Industrial, Darkwave, Electro",UK,"Nine Inch Nails, Radiohead, CHURCHES",Mystery Cubby,https://is1-ssl.mzstatic.com/image/thumb/Music125/v4/92/f5/69/92f5698a-9d79-8467-633e-99822dc065dd/5056495288527_1.jpg/600x600bb.jpg,Been Filled
,Escalator To Heaven,Charles Boyd,,"Indie, Folk, Feel Good",,Sexxxy Red,,,
,Tionesta,Tionesta,,"Indie, pop rock",,"The Strokes. Telekinesis, The Happy Fits",Mystery Cubby,,
,Now Ghosts,Now Ghosts,,"Country Rock, Melancholy Pop Ballads",US,"Wysty Meyers, Colter Wall",Mystery Cubby,,
,All Animals are Sad After Sex,Paul Trubachilk,2012,Melancholy,,Twilight Soundtrack,,,
,Dig it Man,Rowche Rumbles,,"Garage Punk, Post Punk",,"The Frights, ",,,
,,,,,,,,,
,,,,,,,,,
,,,,,,,,,
,,,,,,,,,
,,,,,,,,,
,,,,,,,,,
,,,,,,,,,
,,,,,,,,,
,,,,,,,,,
,,,,,,,,,
,,,,,,,,,
,,,,,,,,,
,,,,,,,,,
,,,,,,,,,
,,,,,,,,,
,,,,,,,,,
,,,,,,,,,
,,,,,,,,,
,,,,,,,,,
,,,,,,,,,
,,,,,,,,,
,,,,,,,,,
,,,,,,,,,
,,,,,,,,,
,,,,,,,,,
,,,,,,,,,
,,,,,,,,,
,,,,,,,,,
,,,,,,,,,
,,,,,,,,,
,,,,,,,,,
,,,,,,,,,
,,,,,,,,,
,,,,,,,,,
,,,,,,,,,
Record,Down thhe streets of my old neighborhood,Peter Ostroushko,1986,Folk,USA,,B4,,Been Filled
Record,Cold Snap,Albert Collins,1986,"Chicago Blues, Texas Blues",US,,B4,https://is1-ssl.mzstatic.com/image/thumb/Music122/v4/15/2d/13/152d13ec-61e0-4d94-9d34-c33bc09a24f2/dj.lcrlobwg.jpg/600x600bb.jpg,Been Filled
Record,Larry Carlton,Larry Carlton,1978,"Fusion, Jazz-Rock",US,,B4,https://is1-ssl.mzstatic.com/image/thumb/Music124/v4/f8/4f/f0/f84ff039-9877-bb03-3f62-aa7e736a9736/mzi.xqmbvvno.jpg/600x600bb.jpg,Been Filled
Record,Ma,Rare Earth,1973,"Rhythm & Blues, Psychedelic Rock, Funk",US,,B4,https://is1-ssl.mzstatic.com/image/thumb/Music128/v4/13/9e/d7/139ed745-6b1e-d4b2-14fd-5ddbeea783cb/00731453027923.rgb.jpg/600x600bb.jpg,Been Filled
Record,Gods & Taboos,Senix IV,,,,,B4,,Been Filled
Record,Honky Tonk Heroes,"Conway Twitty, Loretta Lynn: Honky",1978,Country,US,,B4,https://is1-ssl.mzstatic.com/image/thumb/Music115/v4/fb/ea/7c/fbea7c3f-4639-29b6-dd4e-43f5ffbc5d8b/00008817015224.rgb.jpg/600x600bb.jpg,Been Filled
Record,Drill Your Own Hole,Gay Bikers on Acid,1987,,,,B4,https://is1-ssl.mzstatic.com/image/thumb/Music113/v4/73/49/a9/7349a977-5345-311a-26f7-26405713eea1/b5083424-8410-4836-8710-44c9066a0c85.jpg/600x600bb.jpg,Been Filled
Record,A Town South of Bakersfeild,Various,,,,,B4,,Been Filled
Record,Blues for the Transylvania,Muszik,,,,,B4,,Been Filled
Record,Waltz Darling,Malcom McLaren,1989,,,,B4,https://is1-ssl.mzstatic.com/image/thumb/Music124/v4/9e/96/6e/9e966e89-15d8-e165-b1a4-5b57e4f518a9/mzi.qifyznat.jpg/600x600bb.jpg,Been Filled
Record,After,Mckoto Ozone,,,,,B4,,Been Filled
Record,There's Light,Lui Collins,1985,"Folk, Soft Rock, Ballad",US,,B4,https://is1-ssl.mzstatic.com/image/thumb/Music125/v4/af/7b/a2/af7ba295-c0c0-ba8d-17da-5cc52959a602/mzi.ykpmzuxm.jpg/600x600bb.jpg,Been Filled
Record,Aquafina,Cully,2023,"Hip Hop, Downtempo",US,,B4,https://i.discogs.com/LAanmnAMNFQvkrSXJScR2knuD3NbkBSIZbssLG2shD4/rs:fit/g:sm/q:40/h:150/w:150/czM6Ly9kaXNjb2dz/LWRhdGFiYXNlLWlt/YWdlcy9SLTI3NDgx/ODE4LTE2ODc2MjYz/MDQtNDQ1NS5qcGVn.jpeg,Been Filled
Record,Angel Eyes,Willy Nelson,1997,"Folk, World, & Country",UK,,B4,https://is1-ssl.mzstatic.com/image/thumb/Music128/v4/07/cd/12/07cd12f9-fd8e-1cc5-1759-ffa647c454ea/886444723299.jpg/600x600bb.jpg,Been Filled
Record,Banda Sinaloense La Costena,Manuel Rodrigo El Yaky,1988,"Latin, Pop",US,,B4,https://i.discogs.com/UImGS_0iujiwwcypzbDYGw0GVXrYD8y6CqVOdXDN84o/rs:fit/g:sm/q:40/h:150/w:150/czM6Ly9kaXNjb2dz/LWRhdGFiYXNlLWlt/YWdlcy9SLTI4MjU1/MDEyLTE3MDIyMjg2/OTQtMTQ4Ni5qcGVn.jpeg,Been Filled
Record,1000 Hours,Hula,1986,"EBM, Dub, Industrial",UK,,B4,https://is1-ssl.mzstatic.com/image/thumb/Music126/v4/29/49/f2/2949f268-071f-6ef4-18a6-de09ab1b464f/5013929996502.jpg/600x600bb.jpg,Been Filled
Record,Rounder Folk 1,Compilation,1986,"Folk, Bluegrass",US,,B4,https://i.discogs.com/MDmVqjy3vHKsx1eLQw4U7IICDtB7gey_V9yk7Q759rs/rs:fit/g:sm/q:40/h:150/w:150/czM6Ly9kaXNjb2dz/LWRhdGFiYXNlLWlt/YWdlcy9SLTM5MDgx/NDctMTY3NDA3NTY1/MC0xNTYwLmpwZWc.jpeg,Been Filled
Record,Sweet Music,Roadmaster,1978,Rock,US,,B4,https://is1-ssl.mzstatic.com/image/thumb/Music124/v4/45/06/c0/4506c01a-6448-f1d8-6c17-befe0acee14b/888002739100.jpg/600x600bb.jpg,Been Filled
Record,Games of Love,The Neon Judgment,2011,"Jazz, Rock, Funk / Soul, Blues, Pop, Folk, World, & Country",Belgium,,B4,https://is1-ssl.mzstatic.com/image/thumb/Music125/v4/be/27/91/be279120-2285-16c6-c7ba-9d6643d4a948/075992732727.jpg/600x600bb.jpg,Been Filled
Record,,John Hartford,1986,"Folk, World, & Country",US,,B4,https://is1-ssl.mzstatic.com/image/thumb/Music/64/0b/78/mzi.ddlpkrcq.jpg/600x600bb.jpg,Been Filled
Record,,,,,,,,,
,,,,,,,,,
,,,,,,,,,
,,,,,,,,,
,,,,,,,,,
,,,,,,,,,
,,,,,,,,,
,,,,,,,,,
,,,,,,,,,
,,,,,,,,,
,,,,,,,,,
,,,,,,,,,
,,,,,,,,,
,,,,,,,,,
,,,,,,,,,
,,,,,,,,,
,,,,,,,,,
,,,,,,,,,
,,,,,,,,,
,,,,,,,,,
,,,,,,,,,
,,,,,,,,,
,,,,,,,,,
,,,,,,,,,
,,,,,,,,,
,,,,,,,,,
,,,,,,,,,
,,,,,,,,,
,,,,,,,,,
,,,,,,,,,
,,,,,,,,,
,,,,,,,,,
,,,,,,,,,
,,,,,,,,,
,,,,,,,,,
,,,,,,,,,
,,,,,,,,,
,,,,,,,,,
,,,,,,,,,
,,,,,,,,,
,,,,,,,,,
,,,,,,,,,
,,,,,,,,,
,,,,,,,,,
,,,,,,,,,
,,,,,,,,,
,,,,,,,,,
,,,,,,,,,
,,,,,,,,,
,,,,,,,,,
,,,,,,,,,
,,,,,,,,,
,,,,,,,,,
,,,,,,,,,
,,,,,,,,,
,,,,,,,,,
,,,,,,,,,
,,,,,,,,,
,,,,,,,,,
,,,,,,,,,
,,,,,,,,,
,,,,,,,,,
,,,,,,,,,
,,,,,,,,,
,,,,,,,,,
,,,,,,,,,
,,,,,,,,,
,,,,,,,,,
,,,,,,,,,
,,,,,,,,,
,,,,,,,,,
,,,,,,,,,
,,,,,,,,,
,,,,,,,,,
,,,,,,,,,
,,,,,,,,,
,,,,,,,,,
,,,,,,,,,
,,,,,,,,,
,,,,,,,,,
,,,,,,,,,
,,,,,,,,,
,,,,,,,,,
,,,,,,,,,
,,,,,,,,,
,,,,,,,,,
,,,,,,,,,
,,,,,,,,,
,,,,,,,,,
,,,,,,,,,
,,,,,,,,,
,,,,,,,,,
,,,,,,,,,
,,,,,,,,,
,,,,,,,,,
,,,,,,,,,
,,,,,,,,,
,,,,,,,,,
,,,,,,,,,
,,,,,,,,,
,,,,,,,,,
,,,,,,,,,
,,,,,,,,,
,,,,,,,,,
,,,,,,,,,
,,,,,,,,,
,,,,,,,,,
,,,,,,,,,
,,,,,,,,,
,,,,,,,,,
,,,,,,,,,
,,,,,,,,,
,,,,,,,,,
,,,,,,,,,
,,,,,,,,,
,,,,,,,,,
,,,,,,,,,
,,,,,,,,,
,,,,,,,,,
,,,,,,,,,
,,,,,,,,,
,,,,,,,,,
,,,,,,,,,
,,,,,,,,,
,,,,,,,,,
,,,,,,,,,
,,,,,,,,,
,,,,,,,,,
,,,,,,,,,
,,,,,,,,,
,,,,,,,,,
,,,,,,,,,
,,,,,,,,,
,,,,,,,,,
,,,,,,,,,
,,,,,,,,,
,,,,,,,,,
,,,,,,,,,
,,,,,,,,,
,,,,,,,,,
,,,,,,,,,
,,,,,,,,,
,,,,,,,,,
,,,,,,,,,
,,,,,,,,,
,,,,,,,,,
,,,,,,,,,
,,,,,,,,,
,,,,,,,,,
,,,,,,,,,
,,,,,,,,,
,,,,,,,,,
,,,,,,,,,
,,,,,,,,,
,,,,,,,,,
,,,,,,,,,
,,,,,,,,,
,,,,,,,,,
,,,,,,,,,
,,,,,,,,,
,,,,,,,,,
,,,,,,,,,
,,,,,,,,,
,,,,,,,,,
,,,,,,,,,
,,,,,,,,,
,,,,,,,,,
,,,,,,,,,
,,,,,,,,,
,,,,,,,,,
,,,,,,,,,
,,,,,,,,,
,,,,,,,,,
,,,,,,,,,
,,,,,,,,,
,,,,,,,,,
,,,,,,,,,
,,,,,,,,,
,,,,,,,,,
,,,,,,,,,
,,,,,,,,,
,,,,,,,,,
,,,,,,,,,
,,,,,,,,,
,,,,,,,,,
,,,,,,,,,
,,,,,,,,,
,,,,,,,,,
,,,,,,,,,
,,,,,,,,,
,,,,,,,,,
,,,,,,,,,
,,,,,,,,,
,,,,,,,,,
,,,,,,,,,
,,,,,,,,,
,,,,,,,,,
,,,,,,,,,
,,,,,,,,,
,,,,,,,,,
,,,,,,,,,
,,,,,,,,,
,,,,,,,,,
,,,,,,,,,
,,,,,,,,,
,,,,,,,,,
,,,,,,,,,
,,,,,,,,,
,,,,,,,,,
,,,,,,,,,
,,,,,,,,,
,,,,,,,,,
,,,,,,,,,
,,,,,,,,,
,,,,,,,,,
,,,,,,,,,
,,,,,,,,,
,,,,,,,,,
,,,,,,,,,
,,,,,,,,,
,,,,,,,,,
,,,,,,,,,
,,,,,,,,,
,,,,,,,,,
,,,,,,,,,
,,,,,,,,,
,,,,,,,,,
,,,,,,,,,
,,,,,,,,,
,,,,,,,,,
,,,,,,,,,
,,,,,,,,,
,,,,,,,,,
,,,,,,,,,
,,,,,,,,,
,,,,,,,,,
,,,,,,,,,
,,,,,,,,,
,,,,,,,,,
,,,,,,,,,
,,,,,,,,,
,,,,,,,,,
,,,,,,,,,
,,,,,,,,,
,,,,,,,,,
,,,,,,,,,
,,,,,,,,,
,,,,,,,,,
,,,,,,,,,
,,,,,,,,,
,,,,,,,,,
,,,,,,,,,
,,,,,,,,,
,,,,,,,,,
,,,,,,,,,
,,,,,,,,,
,,,,,,,,,
,,,,,,,,,
,,,,,,,,,
,,,,,,,,,
,,,,,,,,,
,,,,,,,,,
,,,,,,,,,
,,,,,,,,,
,,,,,,,,,
,,,,,,,,,
,,,,,,,,,
,,,,,,,,,
,,,,,,,,,
,,,,,,,,,
,,,,,,,,,
,,,,,,,,,
,,,,,,,,,
,,,,,,,,,
,,,,,,,,,
,,,,,,,,,
,,,,,,,,,
,,,,,,,,,
,,,,,,,,,
,,,,,,,,,
,,,,,,,,,
,,,,,,,,,
,,,,,,,,,
,,,,,,,,,
,,,,,,,,,
,,,,,,,,,
,,,,,,,,,
,,,,,,,,,
,,,,,,,,,
,,,,,,,,,
,,,,,,,,,
,,,,,,,,,
,,,,,,,,,
,,,,,,,,,
,,,,,,,,,
,,,,,,,,,
,,,,,,,,,
,,,,,,,,,
,,,,,,,,,
,,,,,,,,,
,,,,,,,,,
,,,,,,,,,
,,,,,,,,,
,,,,,,,,,
,,,,,,,,,
,,,,,,,,,
,,,,,,,,,
,,,,,,,,,
,,,,,,,,,
,,,,,,,,,
,,,,,,,,,
,,,,,,,,,
,,,,,,,,,
,,,,,,,,,
,,,,,,,,,
,,,,,,,,,
,,,,,,,,,
,,,,,,,,,
,,,,,,,,,
,,,,,,,,,
,,,,,,,,,
,,,,,,,,,
,,,,,,,,,
,,,,,,,,,
,,,,,,,,,
,,,,,,,,,
,,,,,,,,,
,,,,,,,,,
,,,,,,,,,
,,,,,,,,,
,,,,,,,,,
,,,,,,,,,
,,,,,,,,,
,,,,,,,,,
,,,,,,,,,
,,,,,,,,,
,,,,,,,,,
,,,,,,,,,
,,,,,,,,,
,,,,,,,,,
,,,,,,,,,
,,,,,,,,,
,,,,,,,,,
,,,,,,,,,
,,,,,,,,,
,,,,,,,,,
,,,,,,,,,
,,,,,,,,,
,,,,,,,,,
,,,,,,,,,
,,,,,,,,,
,,,,,,,,,
,,,,,,,,,
,,,,,,,,,
,,,,,,,,,
,,,,,,,,,
,,,,,,,,,
,,,,,,,,,
,,,,,,,,,
,,,,,,,,,
,,,,,,,,,
,,,,,,,,,
,,,,,,,,,
,,,,,,,,,
,,,,,,,,,
,,,,,,,,,
,,,,,,,,,
,,,,,,,,,
,,,,,,,,,
,,,,,,,,,
,,,,,,,,,
,,,,,,,,,
,,,,,,,,,
,,,,,,,,,
,,,,,,,,,
,,,,,,,,,
,,,,,,,,,
,,,,,,,,,
,,,,,,,,,
,,,,,,,,,
,,,,,,,,,
,,,,,,,,,
,,,,,,,,,
,,,,,,,,,
,,,,,,,,,
,,,,,,,,,
,,,,,,,,,
,,,,,,,,,
,,,,,,,,,
,,,,,,,,,
,,,,,,,,,
,,,,,,,,,
,,,,,,,,,
,,,,,,,,,
,,,,,,,,,
,,,,,,,,,
,,,,,,,,,
,,,,,,,,,
,,,,,,,,,
,,,,,,,,,
,,,,,,,,,
,,,,,,,,,
,,,,,,,,,
,,,,,,,,,
,,,,,,,,,
,,,,,,,,,
,,,,,,,,,
,,,,,,,,,
,,,,,,,,,
,,,,,,,,,
,,,,,,,,,
,,,,,,,,,
,,,,,,,,,
,,,,,,,,,
,,,,,,,,,
,,,,,,,,,
,,,,,,,,,
,,,,,,,,,
,,,,,,,,,
,,,,,,,,,
,,,,,,,,,
,,,,,,,,,
,,,,,,,,,
,,,,,,,,,
,,,,,,,,,
,,,,,,,,,
,,,,,,,,,
,,,,,,,,,
,,,,,,,,,
,,,,,,,,,
,,,,,,,,,
,,,,,,,,,
,,,,,,,,,
,,,,,,,,,
,,,,,,,,,
,,,,,,,,,
,,,,,,,,,
,,,,,,,,,
,,,,,,,,,
,,,,,,,,,
,,,,,,,,,
,,,,,,,,,
,,,,,,,,,
,,,,,,,,,
,,,,,,,,,
,,,,,,,,,
,,,,,,,,,
,,,,,,,,,
,,,,,,,,,
,,,,,,,,,
,,,,,,,,,
,,,,,,,,,
,,,,,,,,,
,,,,,,,,,
,,,,,,,,,
,,,,,,,,,
,,,,,,,,,
,,,,,,,,,
,,,,,,,,,
,,,,,,,,,
,,,,,,,,,
,,,,,,,,,
,,,,,,,,,
,,,,,,,,,
,,,,,,,,,
,,,,,,,,,
,,,,,,,,,
,,,,,,,,,
,,,,,,,,,
,,,,,,,,,
,,,,,,,,,
,,,,,,,,,
,,,,,,,,,
,,,,,,,,,
,,,,,,,,,
,,,,,,,,,
,,,,,,,,,
,,,,,,,,,
,,,,,,,,,
,,,,,,,,,
,,,,,,,,,
,,,,,,,,,
,,,,,,,,,
,,,,,,,,,
,,,,,,,,,
,,,,,,,,,
,,,,,,,,,
,,,,,,,,,
,,,,,,,,,
,,,,,,,,,
,,,,,,,,,
,,,,,,,,,
,,,,,,,,,
,,,,,,,,,
,,,,,,,,,
,,,,,,,,,
,,,,,,,,,
,,,,,,,,,
,,,,,,,,,
,,,,,,,,,
,,,,,,,,,
,,,,,,,,,
,,,,,,,,,
,,,,,,,,,
,,,,,,,,,
,,,,,,,,,
,,,,,,,,,
,,,,,,,,,
,,,,,,,,,
,,,,,,,,,
,,,,,,,,,
,,,,,,,,,
,,,,,,,,,
,,,,,,,,,
,,,,,,,,,
,,,,,,,,,
,,,,,,,,,
,,,,,,,,,
,,,,,,,,,
,,,,,,,,,
,,,,,,,,,
,,,,,,,,,
,,,,,,,,,
,,,,,,,,,
,,,,,,,,,
,,,,,,,,,
,,,,,,,,,
,,,,,,,,,
,,,,,,,,,
,,,,,,,,,
,,,,,,,,,
,,,,,,,,,
,,,,,,,,,
,,,,,,,,,
,,,,,,,,,
,,,,,,,,,
,,,,,,,,,
,,,,,,,,,
,,,,,,,,,
,,,,,,,,,
,,,,,,,,,
,,,,,,,,,
,,,,,,,,,
,,,,,,,,,
,,,,,,,,,
,,,,,,,,,
,,,,,,,,,
,,,,,,,,,
,,,,,,,,,
,,,,,,,,,
,,,,,,,,,
,,,,,,,,,
,,,,,,,,,
,,,,,,,,,
,,,,,,,,,
,,,,,,,,,
,,,,,,,,,
,,,,,,,,,
,,,,,,,,,
,,,,,,,,,
,,,,,,,,,
,,,,,,,,,
,,,,,,,,,
,,,,,,,,,
,,,,,,,,,
,,,,,,,,,
,,,,,,,,,
,,,,,,,,,
,,,,,,,,,
,,,,,,,,,
,,,,,,,,,
,,,,,,,,,
,,,,,,,,,
,,,,,,,,,
,,,,,,,,,
,,,,,,,,,
,,,,,,,,,
,,,,,,,,,
,,,,,,,,,
,,,,,,,,,
,,,,,,,,,
,,,,,,,,,
,,,,,,,,,
,,,,,,,,,
,,,,,,,,,
,,,,,,,,,
,,,,,,,,,
,,,,,,,,,
,,,,,,,,,
,,,,,,,,,
,,,,,,,,,
,,,,,,,,,
,,,,,,,,,
,,,,,,,,,
,,,,,,,,,
,,,,,,,,,
,,,,,,,,,
,,,,,,,,,
,,,,,,,,,
,,,,,,,,,
,,,,,,,,,
,,,,,,,,,
,,,,,,,,,
,,,,,,,,,
,,,,,,,,,
,,,,,,,,,
,,,,,,,,,
,,,,,,,,,
,,,,,,,,,
,,,,,,,,,
,,,,,,,,,
,,,,,,,,,
,,,,,,,,,
,,,,,,,,,
,,,,,,,,,
,,,,,,,,,
,,,,,,,,,
,,,,,,,,,
,,,,,,,,,
,,,,,,,,,
,,,,,,,,,
,,,,,,,,,
,,,,,,,,,
,,,,,,,,,
,,,,,,,,,
,,,,,,,,,
,,,,,,,,,
,,,,,,,,,
,,,,,,,,,
,,,,,,,,,
,,,,,,,,,
,,,,,,,,,
,,,,,,,,,
,,,,,,,,,
,,,,,,,,,
,,,,,,,,,
,,,,,,,,,
,,,,,,,,,
,,,,,,,,,
,,,,,,,,,
,,,,,,,,,
,,,,,,,,,
,,,,,,,,,
,,,,,,,,,
,,,,,,,,,
,,,,,,,,,
,,,,,,,,,
,,,,,,,,,
,,,,,,,,,
,,,,,,,,,
,,,,,,,,,
,,,,,,,,,
,,,,,,,,,
,,,,,,,,,
,,,,,,,,,
,,,,,,,,,
,,,,,,,,,
,,,,,,,,,
,,,,,,,,,
,,,,,,,,,
,,,,,,,,,
,,,,,,,,,
,,,,,,,,,
,,,,,,,,,
,,,,,,,,,
,,,,,,,,,
,,,,,,,,,
,,,,,,,,,
,,,,,,,,,
,,,,,,,,,
,,,,,,,,,
,,,,,,,,,
,,,,,,,,,
,,,,,,,,,
,,,,,,,,,
,,,,,,,,,
,,,,,,,,,
,,,,,,,,,
,,,,,,,,,
,,,,,,,,,
,,,,,,,,,
,,,,,,,,,
,,,,,,,,,
,,,,,,,,,
,,,,,,,,,
Record,I'm a Lonesome Fugitive,Merle Haggard,2021,"Country, Honky Tonk, Bakersfield Sound",US,,"""B3""",https://is1-ssl.mzstatic.com/image/thumb/Music125/v4/f5/38/bc/f538bcd9-0d36-12b1-4f22-d4c94e00ba8e/00724353501853.tif/600x600bb.jpg,
Record,Slow Turning,John Hiatt,1988,Rock & Roll,Europe,,"""B3""",https://is1-ssl.mzstatic.com/image/thumb/Music118/v4/86/6f/bd/866fbda9-fe95-07c1-5b19-85b51aef2e3b/00602567126096.rgb.jpg/600x600bb.jpg,
Record,SLug Line,John Hiatt,1979,Rock & Roll,US,,"""B3""",https://is1-ssl.mzstatic.com/image/thumb/Music118/v4/f5/eb/42/f5eb424b-e266-de52-8fc0-bff067145145/00076743135828.rgb.jpg/600x600bb.jpg,
Record,All of a Sudden,John Hiatt,1982,Pop Rock,Europe,,"""B3""",https://is1-ssl.mzstatic.com/image/thumb/Music118/v4/7e/85/a8/7e85a807-832f-e3a5-5600-8eb5bf93dd49/00720642200926.rgb.jpg/600x600bb.jpg,
Record,Bring the Family,John Hiatt,1987,"Rock & Roll, Blues Rock",Europe,,"""B3""",https://is1-ssl.mzstatic.com/image/thumb/Music115/v4/d6/89/d7/d689d7f5-1102-699c-28a2-4b6ac5e190ec/00602567078227.rgb.jpg/600x600bb.jpg,
Record,The Last Laugh,Helios Creed,1989,"Space Rock, Psychedelic Rock, Experimental",Germany,,"""B3""",https://is1-ssl.mzstatic.com/image/thumb/Music124/v4/d6/ba/b8/d6bab87b-7e4d-22dc-e831-4aa7d511dba7/760137832027.png/600x600bb.jpg,
Record,Ramblin' Fever,Merle Haggard,1977,Country,US,,"""B3""",https://is1-ssl.mzstatic.com/image/thumb/Music115/v4/9d/07/e6/9d07e6e0-6226-ac17-f501-dffb5f64ec84/00602547925671.rgb.jpg/600x600bb.jpg,
Record,The Button-Down Mind Of,Bob Newhart,1960,Comedy,US,,"""B3""",https://is1-ssl.mzstatic.com/image/thumb/Music114/v4/1b/4e/18/1b4e185f-471f-e6c6-006d-6123210b600f/5059460050266.jpg/600x600bb.jpg,
Record,Exene Cervenka,Wanda Coleman,1985,Spoken Word,US,,"""B3""",https://i.discogs.com/QN201Z2-I7npCwZwosEB1D9103EnQfmSqnfPgKO90Po/rs:fit/g:sm/q:40/h:150/w:150/czM6Ly9kaXNjb2dz/LWRhdGFiYXNlLWlt/YWdlcy9SLTI3NDM0/NDktMTI5OTA0MDA1/My5qcGVn.jpeg,
Record,Black Angeles,Wanda Coleman,1988,"Spoken Word, Poetry",US,,"""B3""",https://i.discogs.com/Z7Utg8n_tUCeoQJQqP1uZIgnB4qPzdf4sSrYTY-zzaA/rs:fit/g:sm/q:40/h:150/w:150/czM6Ly9kaXNjb2dz/LWRhdGFiYXNlLWlt/YWdlcy9SLTUwNDc4/NzQtMTYxMzc3OTU1/Ny02NjY1LmpwZWc.jpeg,
Record,Watergate Comedy Hour,Burns and Schreiber,1973,Comedy,US,,"""B3""",https://i.discogs.com/AHGin92MHOj4yPeRt9XqnW0AVv5Z8icKErv--qzKNy4/rs:fit/g:sm/q:40/h:150/w:150/czM6Ly9kaXNjb2dz/LWRhdGFiYXNlLWlt/YWdlcy9SLTM0NzI4/ODgtMTMzNDI4NDE5/My5qcGVn.jpeg,
Record,Life on the Lawn,Gleaming Spires,1982,New Wave,US,,"""B3""",https://i.discogs.com/gYt95huZHgjzSglunT69xDaUeOnyyUD2YOKLCVqqZFw/rs:fit/g:sm/q:40/h:150/w:150/czM6Ly9kaXNjb2dz/LWRhdGFiYXNlLWlt/YWdlcy9SLTExMzA0/ODUtMTE5NDUwNzUw/OS5qcGVn.jpeg,
Record,Comedy Minus One,Albert Brooks,1973,"Comedy, Spoken Word",US,,"""B3""",https://lastfm.freetls.fastly.net/i/u/300x300/63cecf6c4476486e8d6916806cff0846.jpg,
Record,Show Boat,Henri Rene,1958,"Soundtrack, Score, Musical",US,,"""B3""",https://i.discogs.com/K_U1qSoPt9pCh03snwHoQk7maVZlQZ_XNmU2bvtZy58/rs:fit/g:sm/q:40/h:150/w:150/czM6Ly9kaXNjb2dz/LWRhdGFiYXNlLWlt/YWdlcy9SLTI2MjEw/MTctMTYzNDExMDg3/My0xNDEyLmpwZWc.jpeg,
Record,Waiting for the Rain,James Vincent,1978,"Jazz-Rock, Avantgarde, Funk",US,,"""B3""",https://is1-ssl.mzstatic.com/image/thumb/Music49/v4/5b/6e/f6/5b6ef6b3-d579-0059-3074-993f01e1974c/843041041713.jpg/600x600bb.jpg,
Record,Beatin' the Odds,Molly Hatchet,1980,Southern Rock,US,,"""B3""",https://is1-ssl.mzstatic.com/image/thumb/Music/1b/bc/ff/mzi.ormnqgtf.jpg/600x600bb.jpg,
Record,Only Breathing,O Positive,1985,"Alternative Rock, Goth Rock",US,,"""B3""",https://is1-ssl.mzstatic.com/image/thumb/Music113/v4/4e/6b/6b/4e6b6bb3-ac80-f4df-dab2-e3f5bc0c37e5/194171511639.jpg/600x600bb.jpg,
Record,The Hangman's Beautiful Daughter,Incredible String Band,1968,"Folk Rock, Folk",US,,"""B3""",https://is1-ssl.mzstatic.com/image/thumb/Music115/v4/92/4e/9b/924e9bd3-1261-3877-8883-027653ad477b/mzi.llxryeqb.jpg/600x600bb.jpg,
Record,Live,The Paul Butterfield Blues Band,1970,Chicago Blues,US,,"""B3""",https://is1-ssl.mzstatic.com/image/thumb/Features115/v4/dc/99/9a/dc999a73-c686-25b0-e65d-5dbeff3a53fb/dj.ploqoore.jpg/600x600bb.jpg,
Record,Bloodrock 3,Bloodrock,1971,"Hard Rock, Blues Rock",US,,"""B3""",https://is1-ssl.mzstatic.com/image/thumb/Music124/v4/9a/a2/f9/9aa2f908-a9cf-b0dc-e3db-8de4a7d62eac/00602567869009.rgb.jpg/600x600bb.jpg,
Record,Blood Sister,Blood Sister,1977,"Afrobeat, Funk, Disco",US,,"""B3""",https://is1-ssl.mzstatic.com/image/thumb/Music124/v4/49/e0/2b/49e02b12-f91c-2058-e8bc-6c08217e0a99/728028347289.jpg/600x600bb.jpg,
Record,Play River Music,Rhythm Devils,1980,Soundtrack,US,,"""B3""",https://is1-ssl.mzstatic.com/image/thumb/Music125/v4/c2/07/c6/c207c6ee-e3f1-cad2-1259-69a3ebd08b5c/828765571227.jpg/600x600bb.jpg,
Record,Positraction,Live Skull,1988,"Post-Punk, No Wave, Noise Rock",US,,"""B3""",https://is1-ssl.mzstatic.com/image/thumb/Music116/v4/bf/a3/3f/bfa33f12-fdf7-0e0b-4d58-96b304fbd410/f57886db-5e79-49ce-85f4-3216e877051d.jpg/600x600bb.jpg,
Record,Public Service Announcements,We the People,1987,Public Service Announcement,US,,"""B3""",https://i.discogs.com/meBLB0dTm1SdedtjteX7Bq4NlOGwOCBQVAnfhzu5UZg/rs:fit/g:sm/q:40/h:150/w:150/czM6Ly9kaXNjb2dz/LWRhdGFiYXNlLWlt/YWdlcy9SLTkyODEx/MTQtMTQ3Nzg2NzA4/MS04MjcwLmpwZWc.jpeg,
Record,Gallagher,Gallagher,1980,Comedy,US,,"""B3""",https://is1-ssl.mzstatic.com/image/thumb/Music115/v4/0d/81/bc/0d81bcc5-365d-ccc1-af1a-2e9d809ceb87/190295408329.jpg/600x600bb.jpg,
Record,Soundtrack to Johnny Handsome,Ry Cooder,1989,Soundtrack,Europe,,"""B3""",https://is1-ssl.mzstatic.com/image/thumb/Music/99/41/d3/mzi.ngpsxreb.jpg/600x600bb.jpg,
Record,Mad Mad World,The Arcadians,1987,"Chanson, Ethereal",Belgium,,"""B3""",https://i.discogs.com/6EnQgMCoRruHGYQjiOpNB4I6Ot-N8glxyWuMCJDP8GA/rs:fit/g:sm/q:40/h:150/w:150/czM6Ly9kaXNjb2dz/LWRhdGFiYXNlLWlt/YWdlcy9SLTIxOTQ0/MTItMTI4NTM0MTYz/NC5qcGVn.jpeg,
Record,Glad 'n Greasy,The Beat Farmers,1986,"Alternative Rock, Country Rock",UK,,"""B3""",https://i.discogs.com/gYOtnm-ISw4URzrdBZCsdKVyX3B752pgCpqA8vkjSxw/rs:fit/g:sm/q:40/h:150/w:150/czM6Ly9kaXNjb2dz/LWRhdGFiYXNlLWlt/YWdlcy9SLTExMzc5/ODMtMTQ4OTMxNDM5/OC00NDExLmpwZWc.jpeg,
Record,Van Go,The Beat Farmers,1986,"Alternative Rock, Country Rock",US,,"""B3""",https://is1-ssl.mzstatic.com/image/thumb/Music221/v4/a8/ac/df/a8acdf40-50ab-0615-0cfb-37402797188a/715187750425.png/600x600bb.jpg,
Record,Staying Out Late With,Beat Rodeo,1985,"Country Rock, Pop Rock",US,,"""B3""",https://is1-ssl.mzstatic.com/image/thumb/Music113/v4/30/c4/d1/30c4d11b-ad1f-d8d7-ed0e-18ed46753de2/810043680103.jpg/600x600bb.jpg,
Record,Barnet Dogs,Russ Ballard,1980,"Hard Rock, Classic Rock",Europe,,"""B3""",https://is1-ssl.mzstatic.com/image/thumb/Music30/v4/e1/f6/b5/e1f6b509-5a14-c23c-c75c-612c4c1228bf/886445778724.jpg/600x600bb.jpg,
Record,Love Agenda,Band of Susans,1989,"Alternative Rock, Drone, Noise",UK,,"""B3""",https://is1-ssl.mzstatic.com/image/thumb/Music2/v4/db/41/49/db4149fa-daa5-9f8e-fcac-77bc0b2d9a4f/4050486071731_cover.jpg/600x600bb.jpg,
Record,Again and Again,Chick Corea,1983,Contemporary Jazz,US,,"""B3""",https://is1-ssl.mzstatic.com/image/thumb/Music/41/13/b4/mzi.yvwqhpky.tif/600x600bb.jpg,
Record,Slide Show,Gary Burton,1986,Contemporary Jazz,Germany,,"""B3""",https://is1-ssl.mzstatic.com/image/thumb/Music118/v4/9c/1f/74/9c1f74fa-9a90-ea1a-3fd2-ce69fad3551f/00042282725721.rgb.jpg/600x600bb.jpg,
Record,Acoustic Band,Chick Corea,1986,"Fusion, Jazz-Rock",US,,"""B3""",https://is1-ssl.mzstatic.com/image/thumb/Music128/v4/32/f7/2e/32f72eab-d932-8ff0-e81b-d3c46e513976/00602537765348.rgb.jpg/600x600bb.jpg,
Record,Automatic Overdrive,Al Copley,1989,"Jump Blues, Piano Blues",US,,"""B3""",https://lastfm.freetls.fastly.net/i/u/300x300/5307f1c421addc87c1ddcd403bbd0a89.jpg,
Record,Texas Twister,Johnny Copeland,1983,Texas Blues,US,,"""B3""",https://is1-ssl.mzstatic.com/image/thumb/Music113/v4/62/cd/dd/62cddd34-98bc-8aba-760a-8ef76ee8e855/19CRGIM16762.rgb.jpg/600x600bb.jpg,
Record,Make my Home Where I Hang My Hat,Johnny Copeland,1982,Blues,US,,"""B3""",https://lastfm.freetls.fastly.net/i/u/300x300/78ba7227f0b3efeeded637e9d38667e4.jpg,
Record,Swimming with a Hole in My Body,Bill Connors,1980,Contemporary Jazz,US,,"""B3""",https://is1-ssl.mzstatic.com/image/thumb/Music118/v4/3b/0e/b0/3b0eb036-90f1-2ff3-22fa-8e73e2f10bcd/00042284907828.rgb.jpg/600x600bb.jpg,
Record,Of Mist and Melting,Bill Connors,1978,Contemporary Jazz,US,,"""B3""",https://is1-ssl.mzstatic.com/image/thumb/Music125/v4/a5/e5/7d/a5e57d6e-ba42-655c-fc4e-09a8787949b7/00042284732420.rgb.jpg/600x600bb.jpg,
Record,Assembler,Bill Connors,1987,"Fusion, Jazz-Rock",US,,"""B3""",https://is1-ssl.mzstatic.com/image/thumb/Music/6c/12/ac/mzi.tfzzlgiq.jpg/600x600bb.jpg,
Record,Dixieland Jam,The Eddie Condon All-Stars,1994,Swing,US,,"""B3""",https://is1-ssl.mzstatic.com/image/thumb/Features125/v4/a7/8e/57/a78e57e5-6626-1bd2-cbc8-a0ab5fe18f0f/dj.bfzsdtqj.jpg/600x600bb.jpg,
Record,Jazz,Ry Cooder,1978,Ragtime,US,,"""B3""",https://is1-ssl.mzstatic.com/image/thumb/Music/de/e6/84/mzi.psswyxnl.jpg/600x600bb.jpg,
Record,That Toddlin' Town,Eddie Condon,1959,Dixieland,US,,"""B3""",https://i.discogs.com/3qMRNuiOFtb7E1Ghmnoy8_GqYnKqkMQ8RXeG0VWaJYo/rs:fit/g:sm/q:40/h:150/w:150/czM6Ly9kaXNjb2dz/LWRhdGFiYXNlLWlt/YWdlcy9SLTQ4OTQw/MzgtMTM5NjM4MTMy/OC00NTU3LmpwZWc.jpeg,
Record,By Myself,Cal Collins,1980,Jazz,US,,"""B3""",https://lastfm.freetls.fastly.net/i/u/300x300/418c0978090f2c25ea753f24d63d0353.jpg,
Record,Frozen Alive!,Albert Collins,1981,Texas Blues,US,,"""B3""",https://is1-ssl.mzstatic.com/image/thumb/Music/5b/32/b7/mzi.jgvwdddb.jpg/600x600bb.jpg,
Record,17,Cowboy Temple,1985,"Synth-pop, New Beat",Germany,,"""B3""",https://lastfm.freetls.fastly.net/i/u/300x300/d1b2cf4ab8f24109829a57379c328e08.jpg,
Record,Get off My Case,Comateens,1983,"Electro, Synth-pop",US,,"""B3""",https://i.discogs.com/ubMvTiAQb27FeM_fyix--Y8bHHmhZ8R75iyZaGNp770/rs:fit/g:sm/q:40/h:150/w:150/czM6Ly9kaXNjb2dz/LWRhdGFiYXNlLWlt/YWdlcy9SLTc4NDYz/NC0xMTU4NDczNzU1/LmpwZWc.jpeg,
Record,Devil's Gun,C.J. & co.,1977,Disco,France,,"""B3""",https://is1-ssl.mzstatic.com/image/thumb/Music116/v4/5f/76/b7/5f76b72d-b85e-bb41-9a00-d4fab4560221/artwork.jpg/600x600bb.jpg,
Record,Pushing the Envelope,Bobby Previte,1987,Contemporary Jazz,US,,"""B3""",https://lastfm.freetls.fastly.net/i/u/300x300/dca7fc0ae9a7b74c0e38a0ba1234ec3d.jpg,
Record,Tenderly,Buck Clayton,1979,Swing,US,,"""B3""",https://is1-ssl.mzstatic.com/image/thumb/Music127/v4/49/62/c1/4962c199-3554-ec8c-69f7-90597bd5a01c/077712770194.png/600x600bb.jpg,
Record,Are You Ready?,Stanley Clarke,1984,Jazz-Funk,US,,"""B3""",https://i.discogs.com/yTQCCJBswz1-FNZsYiRJ37teCoLECdj8RsuBM6lxe_k/rs:fit/g:sm/q:40/h:150/w:150/czM6Ly9kaXNjb2dz/LWRhdGFiYXNlLWlt/YWdlcy9SLTEyMzMw/ODktMTIzMzY2MTcw/Ni5qcGVn.jpeg,
Record,Picture This,Billy Cobham,1987,Jazz-Funk,US,,"""B3""",https://is1-ssl.mzstatic.com/image/thumb/Music118/v4/45/cd/a0/45cda005-c3e3-8fe3-3ee4-28f3ad7292be/00030206714791.rgb.jpg/600x600bb.jpg,
Record,Yakety MAdness!,Richie Cole and Boots Randolph,1983,"Big Band, Swing, Cool Jazz",US,,"""B3""",https://is1-ssl.mzstatic.com/image/thumb/Music/11/18/d2/mzi.driaxgut.jpg/600x600bb.jpg,
Record,Side by Side,Richie Cole and Phil Woods,1981,Bop,US,,"""B3""",https://is1-ssl.mzstatic.com/image/thumb/Music/d5/49/71/mzi.jieqtfqw.jpg/600x600bb.jpg,
Record,Greatest Hits of the 1900s,Richard Kapp,1986,Modern,US,,"""B3""",https://i.discogs.com/lRz-li9ebkCzU6EzssWIwKQnPTWxBI1dUvfvWbdHnvo/rs:fit/g:sm/q:40/h:150/w:150/czM6Ly9kaXNjb2dz/LWRhdGFiYXNlLWlt/YWdlcy9SLTQ1MTI2/OTgtMTYxODI0NDU3/Mi01MzczLmpwZWc.jpeg,
Record,Crossover Dreams Soundtrack,Crossover Dreams,1986,"Soundtrack, Salsa",US,,"""B3""",https://is1-ssl.mzstatic.com/image/thumb/Music/v4/c1/43/e8/c143e82f-982b-ff63-df93-ab302f723fdf/603497927265.jpg/600x600bb.jpg,
Record,Disc 9,The Magic of Psychoacoustic Sound,1979,"Field Recording, Therapy",US,,"""B3""",https://i.discogs.com/dRF8Kl1mm4OLYHEKwdyAW7d4Gz3tCOVVGbMhwLH6F0Q/rs:fit/g:sm/q:40/h:150/w:150/czM6Ly9kaXNjb2dz/LWRhdGFiYXNlLWlt/YWdlcy9SLTEyODcy/MzUtMTU2NDEwMjU1/Mi0yNTIyLmpwZWc.jpeg,
Record,Disc 10,The Magic of Psychoacoustic Sound,1979,"Field Recording, Therapy",US,,"""B3""",https://i.discogs.com/dRF8Kl1mm4OLYHEKwdyAW7d4Gz3tCOVVGbMhwLH6F0Q/rs:fit/g:sm/q:40/h:150/w:150/czM6Ly9kaXNjb2dz/LWRhdGFiYXNlLWlt/YWdlcy9SLTEyODcy/MzUtMTU2NDEwMjU1/Mi0yNTIyLmpwZWc.jpeg,
Record,My Fair Lady,My Fair Lady,1956,Musical,US,,"""B3""",https://is1-ssl.mzstatic.com/image/thumb/Music115/v4/80/b5/f6/80b5f6fb-9727-254c-61eb-fa2e75a204fe/mzi.xefgmlbj.jpg/600x600bb.jpg,
Record,Michael Smith,Michael Smith,1983,Synth-pop,US,,"""B3""",https://is1-ssl.mzstatic.com/image/thumb/Music116/v4/71/2d/61/712d617d-f4a4-5904-1b11-d4b4b45c47c5/828768588925.jpg/600x600bb.jpg,
Record,Not Kansas,Bay of Pigs,1985,"Alternative Rock, Goth Rock",US,,"""B3""",https://i.discogs.com/apLwosCFgzw0zIKWXV5mU1OvJwNZ9IEDnzIQ57EW4Wg/rs:fit/g:sm/q:40/h:150/w:150/czM6Ly9kaXNjb2dz/LWRhdGFiYXNlLWlt/YWdlcy9SLTM1NTg1/MDMtMTUwNjcxNzc3/MS03OTU5LmpwZWc.jpeg,
Record,Glad,Miracle Legion,1988,Alternative Rock,US,,"""B3""",https://is1-ssl.mzstatic.com/image/thumb/Music118/v4/67/8f/a5/678fa5ee-20e1-89fc-0b54-199c3bc3e715/613667132269.jpg/600x600bb.jpg,
Record,Sympathy,John Miles,1980,Classic Rock,US,,"""B3""",https://lastfm.freetls.fastly.net/i/u/300x300/b600d4b78bb86f132c34944bcff6d142.jpg,
Record,Zaragon,John Miles,1978,"Pop Rock, Classic Rock",UK,,"""B3""",https://lastfm.freetls.fastly.net/i/u/300x300/6417cfb8dacc55d2a6472d06786cb9e5.png,
Record,Stranger in the City,John Miles,1976,"Pop Rock, Classic Rock, Prog Rock",UK,,"""B3""",https://lastfm.freetls.fastly.net/i/u/300x300/c21b3fa368014fc49c0d5e8728d3fc80.png,
Record,Glorified Magnified,Manfred Mann's Earth Band,1977,"Pop Rock, Prog Rock, Classic Rock",Germany,,"""B3""",https://is1-ssl.mzstatic.com/image/thumb/Music/v4/26/ab/8c/26ab8cfb-f8b1-af5a-e936-1ef840f67f94/cover.jpg/600x600bb.jpg,
Record,Strike Like Lightning,Lonnie Mack,1985,"Blues Rock, Chicago Blues, Modern Electric Blues, Rockabilly, Texas Blues",US,,"""B3""",https://is1-ssl.mzstatic.com/image/thumb/Music116/v4/07/fb/54/07fb5411-f781-a9a9-0ff4-0a5f08170206/2739.jpg/600x600bb.jpg,
Record,The River of Desire,The Orson Family,1983,Psychobilly,France,,"""B3""",https://is1-ssl.mzstatic.com/image/thumb/Music/37/84/36/mzi.tawybycb.jpg/600x600bb.jpg,
Record,Square Dance with Calls,Square Dance with Calls,1979,"Folk, World, & Country",US,,"""B3""",https://i.discogs.com/2bh3DiPxK7ZV5vep2v9NYDCVea6Irnb8zW8QMr3jelw/rs:fit/g:sm/q:40/h:150/w:150/czM6Ly9kaXNjb2dz/LWRhdGFiYXNlLWlt/YWdlcy9SLTMxODk0/ODItMTMxOTc0Njc1/Mi5qcGVn.jpeg,
Record,Drop Down and Get Me,Del Shannon,1981,Rock & Roll,US,,"""B3""",https://is1-ssl.mzstatic.com/image/thumb/Music113/v4/ba/90/d9/ba90d9ec-5aab-2db9-0333-b8c703ddc7fc/193483495149.jpg/600x600bb.jpg,
Record,From the Streets of New York,Sha Na Na,1973,"Rhythm & Blues, Doo Wop",US,,"""B3""",https://is1-ssl.mzstatic.com/image/thumb/Music1/v4/dc/23/5b/dc235b43-06b7-3d45-79cc-89ed7929beb6/886444957427.jpg/600x600bb.jpg,
Record,Reaction,Johnny Seaton,1986,Rock & Roll,US,,"""B3""",https://i.discogs.com/lpVr9iM1hu7IMV_lB6yNAR8XbruDS3ZV13x_xJgIBLw/rs:fit/g:sm/q:40/h:150/w:150/czM6Ly9kaXNjb2dz/LWRhdGFiYXNlLWlt/YWdlcy9SLTI4MDEw/MjMtMTUwMTA4MDkx/NC0yMzg1LmpwZWc.jpeg,
Record,Foreigner,Cat Stevens,1973,"Folk Rock, Art Rock, Pop Rock",UK,,"""B3""",https://is1-ssl.mzstatic.com/image/thumb/Music118/v4/4e/c9/cd/4ec9cd7b-9fa8-2882-82cf-157225e59e04/00731454688727.rgb.jpg/600x600bb.jpg,
Record,The Johnny Smith - Stan Getz Years,Johnny Smith,1978,Jazz,US,,"""B3""",https://is1-ssl.mzstatic.com/image/thumb/Music115/v4/07/4d/90/074d903d-7be6-e011-0199-9517b4ad4f94/0724359309156_1404x1404_300dpi.jpg/600x600bb.jpg,
Record,Harmonica Blues Kings,Big Walter Horton,1986,"Harmonica Blues, Chicago Blues",US,,"""B3""",https://is1-ssl.mzstatic.com/image/thumb/Music113/v4/89/10/a6/8910a6f3-991c-9345-a6aa-f8b291a501d2/38153071288.jpg/600x600bb.jpg,
Record,The Mekons Rock N Roll!,The Mekons,1989,"Alternative Rock, Folk Rock",US,,"""B3""",https://is1-ssl.mzstatic.com/image/thumb/Music2/v4/c3/ea/90/c3ea907f-dacf-4eb7-b480-1708b81ef674/cover.jpg/600x600bb.jpg,
Record,Museum,Mary My Hope,1989,"Alternative Rock, Post Rock",US,,"""B3""",https://lastfm.freetls.fastly.net/i/u/300x300/6a60cb44795e4ca69a784decd72abc5f.jpg,
Record,Suicide Kings,Mary My Hope,1989,Alternative Rock,US,,"""B3""",https://is1-ssl.mzstatic.com/image/thumb/Music116/v4/d0/7e/1c/d07e1ceb-e2ce-c544-cb7d-506f3f58f0d7/190296216657.jpg/600x600bb.jpg,
,,,,,,,,,
Record,City Connection,Terumasa Hino,1979,"Jazz-Funk, Fusion",Japan,,"""H1""",https://is1-ssl.mzstatic.com/image/thumb/Music114/v4/e0/94/05/e09405ae-cd63-081c-e518-6736a7c07078/VICJ-77014.jpg/600x600bb.jpg,
Record,American Favorite Ballads Volume 5,Pete Seeger,1958,"Country Blues, Delta Blues, Folk",US,,"""H1""",https://is1-ssl.mzstatic.com/image/thumb/Music/85/a9/d8/mzi.hltgwpyz.jpg/600x600bb.jpg,
Record,Best of,Carly Simon,1975,"Soft Rock, Pop Rock, Vocal",US,,"""H1""",https://is1-ssl.mzstatic.com/image/thumb/Music115/v4/c4/2e/4e/c42e4e98-0316-1e17-0ca3-b2acd11e5738/mzi.dnscdjwg.jpg/600x600bb.jpg,
Record,Come Upstairs,Carly Simon,1980,"Soft Rock, Vocal",US,,"""H1""",https://is1-ssl.mzstatic.com/image/thumb/Music62/v4/77/9d/c8/779dc876-fa67-8dd7-a62d-882baee2f70f/mzm.jtzxvoia.jpg/600x600bb.jpg,
Record,This Good Tonight,Steve Seskin,1979,"Blues, Folk, World, & Country",US,,"""H1""",https://i.discogs.com/MlTNnTrk8TueNz9RTL5iXJlBqrJF15O98BxFUzjAz68/rs:fit/g:sm/q:40/h:150/w:150/czM6Ly9kaXNjb2dz/LWRhdGFiYXNlLWlt/YWdlcy9SLTc5MDk3/OTItMTQ1MTQ1MTg3/Ny0zMDU1LnBuZw.jpeg,
Record,Young vs Old,Pete Seeger,1969,Folk,US,,"""H1""",https://is1-ssl.mzstatic.com/image/thumb/Music123/v4/49/21/37/492137ca-76f8-2ec5-66e3-87ef3435ab6f/886447980828.jpg/600x600bb.jpg,
Record,Broadsides,Pete Seeger,1964,Folk,US,,"""H1""",https://is1-ssl.mzstatic.com/image/thumb/Music/f8/1e/b7/mzi.cuzvareh.jpg/600x600bb.jpg,
Record,Simple Dreams,Linda Rondstadt,1977,"Folk, Country",US,,"""H1""",https://is1-ssl.mzstatic.com/image/thumb/Music125/v4/4b/9f/7e/4b9f7efc-03d9-007d-cc18-16ba2ba6528f/603497867646.jpg/600x600bb.jpg,
Record,Hasten Down the Wind,Linda Rondstadt,1976,"Folk, Country",US,,"""H1""",https://is1-ssl.mzstatic.com/image/thumb/Music125/v4/69/36/5a/69365ac2-da00-9dfb-4a22-3cc86d414bcb/075596061025.jpg/600x600bb.jpg,
Record,Take a Stand,Anne Romaine,1985,Country,US,,"""H1""",https://i.discogs.com/HDic0We8C5-einW6v5eVOyWbHJTAzTpJ0NKKjfVIJ9c/rs:fit/g:sm/q:40/h:150/w:150/czM6Ly9kaXNjb2dz/LWRhdGFiYXNlLWlt/YWdlcy9SLTYwOTkw/OTQtMTUwNzEzOTcz/MC04MTUzLmpwZWc.jpeg,
Record,Sorry is as Sorry Does,Gamble Rogers,1986,"Folk, World, & Country",US,,"""H1""",https://i.discogs.com/UQcx159HBk8JKIZoyXNhKO96VF46CfRZ4EDeRTUL4B0/rs:fit/g:sm/q:40/h:150/w:150/czM6Ly9kaXNjb2dz/LWRhdGFiYXNlLWlt/YWdlcy9SLTcwMjIw/NjgtMTc1MzM3OTMw/MS01MDMxLmpwZWc.jpeg,
Record,Moonrise,Kim Robertson,1985,"New Age, Instrumental",US,,"""H1""",https://is1-ssl.mzstatic.com/image/thumb/Music/97/f0/0f/mzi.koietfeb.tif/600x600bb.jpg,
Record,Pig,Hargus Robbins,1978,"Country, Bluegrass",US,,"""H1""",https://is1-ssl.mzstatic.com/image/thumb/Music116/v4/ea/89/1e/ea891e90-42c3-845b-60a2-d05357e776c8/cover.jpg/600x600bb.jpg,
Record,Dangerous Stranger,Jerry Riopelle,1979,"Pop Rock, Southern Rock",US,,"""H1""",https://i.discogs.com/QFVpPpJgHJ7BrwghJjU50G6fmmNSULe4h9hd_CH4Cns/rs:fit/g:sm/q:40/h:150/w:150/czM6Ly9kaXNjb2dz/LWRhdGFiYXNlLWlt/YWdlcy9SLTU1Njk3/NjUtMTM5NzAxMDUz/Mi0yNDMzLmpwZWc.jpeg,
Record,Can't Leave Jah,Scion Success,1984,Dancehall,UK,,"""H1""",https://i.discogs.com/RNuQfJ4UaWhTKRX2NfZwd7hdbq8QOI8Y1bhnBtiTOQg/rs:fit/g:sm/q:40/h:150/w:150/czM6Ly9kaXNjb2dz/LWRhdGFiYXNlLWlt/YWdlcy9SLTI1MDgw/MDctMTI4Nzg0MjUw/NC5qcGVn.jpeg,
Record,Benga Blast!,Daniel Owino Misiani,1989,Soukous,UK,,"""H1""",https://is1-ssl.mzstatic.com/image/thumb/Music/97/9a/d1/mzi.tacjpvlm.jpg/600x600bb.jpg,
Record,Ozark Mountain Daredevils,Ozark Mountain Daredevils,1973,"Country Rock, Southern Rock",US,,"""H1""",https://is1-ssl.mzstatic.com/image/thumb/Music118/v4/5e/db/62/5edb62ac-8cad-c579-cade-ca5a34c689c2/00075021311022.rgb.jpg/600x600bb.jpg,
Record,It'll Shine When It Shines,Ozark Mountain Daredevils,1974,"Country Rock, Southern Rock, Pop Rock",US,,"""H1""",https://is1-ssl.mzstatic.com/image/thumb/Music114/v4/9b/3a/b2/9b3ab267-cd67-7f61-1954-0a32a54977bc/00602527511375.rgb.jpg/600x600bb.jpg,
Record,The Ozark Mountain Daredevils,Ozark Mountain Daredevils,1973,"Country Rock, Southern Rock",US,,"""H1""",https://is1-ssl.mzstatic.com/image/thumb/Music118/v4/5e/db/62/5edb62ac-8cad-c579-cade-ca5a34c689c2/00075021311022.rgb.jpg/600x600bb.jpg,
Record,These Things Too,Pearls Before Swine,1969,"Folk, Folk Rock",US,,"""H1""",https://is1-ssl.mzstatic.com/image/thumb/Music/y2005/m05/d17/h17/s06.sedudsfa.jpg/600x600bb.jpg,
Record,...Beautiful Lies You Could Live In,Pearls Before Swine,1971,Folk Rock,US,,"""H1""",https://is1-ssl.mzstatic.com/image/thumb/Music/y2005/m05/d17/h17/s06.zdavznvw.jpg/600x600bb.jpg,
Record,City of Gold,Pearls Before Swine,1999,"Folk Rock, Acoustic",US,,"""H1""",https://is1-ssl.mzstatic.com/image/thumb/Music/y2005/m05/d17/h17/s06.uzwsnilm.jpg/600x600bb.jpg,
Record,Up & Up,Tom Paxton,1979,"Folk, Country",US,,"""H1""",https://is1-ssl.mzstatic.com/image/thumb/Music115/v4/48/1e/c4/481ec4ab-5e42-8f6c-ad8f-086314e47eee/21CRGIM29092.rgb.jpg/600x600bb.jpg,
Record,The Bluest Sky,Nikki Meets the Hibachi,1990,Folk,US,,"""H1""",https://i.discogs.com/BnODgdDfx6bc-1VF6LI8j8beaBwLl3j-vSiHJ12ohKs/rs:fit/g:sm/q:40/h:150/w:150/czM6Ly9kaXNjb2dz/LWRhdGFiYXNlLWlt/YWdlcy9SLTI3MTgz/NTktMTI5NzkxODI5/My5qcGVn.jpeg,
Record,Reactor,Neil Young,1981,Hard Rock,Germany,,"""H1""",https://is1-ssl.mzstatic.com/image/thumb/Music71/v4/bc/b6/56/bcb65609-cce7-7644-17ec-096bce0fcf90/093624914242.jpg/600x600bb.jpg,
Record,Pop Quiz,Young Caucasians,1983,Power Pop,US,,"""H1""",https://i.discogs.com/SLooqePcQ6xXXL8sjwh5crKr4YQT7TZ2DWPTTHRTsA0/rs:fit/g:sm/q:40/h:150/w:150/czM6Ly9kaXNjb2dz/LWRhdGFiYXNlLWlt/YWdlcy9SLTQ1MDEz/MDgtMTM2NjY2NTA4/MS04NzI4LmpwZWc.jpeg,
Record,Young Blood,Various Artists,1983,"New Wave, Goth Rock, Punk, Avantgarde",UK,,"""H1""",https://is1-ssl.mzstatic.com/image/thumb/Music124/v4/c2/51/84/c2518439-d810-7f1f-c9ff-396c9fa7d266/886448132882.jpg/600x600bb.jpg,
Record,The Sidewalks of New York,Wurlitzer 146 Carousel Organ,2010,,US,,"""H1""",https://is1-ssl.mzstatic.com/image/thumb/Music/96/1a/15/mzi.tmvqsfvh.jpg/600x600bb.jpg,
Record,Danger Money,U.K.,1979,Prog Rock,US,,"""H1""",https://is1-ssl.mzstatic.com/image/thumb/Music126/v4/c3/a2/eb/c3a2eb06-7a4d-dd49-29b9-a70096a2f02b/807070915025_cover.jpg/600x600bb.jpg,
Record,Live! Night After Night,U.K.,1979,Prog Rock,US,,"""H1""",https://is1-ssl.mzstatic.com/image/thumb/Music115/v4/63/45/cc/6345cc98-aa83-ad6e-e3c9-1a36ff9838a4/190296614316.jpg/600x600bb.jpg,
Record,Favorite Ballads,Pete Seeger,1961,Folk,US,,"""H1""",https://is1-ssl.mzstatic.com/image/thumb/Music/e8/f4/a0/mzi.zwyhfrxs.tif/600x600bb.jpg,
Record,Nangadeef,Ray Lema,1989,"African, Jazz-Funk, Rumba",Europe,,"""H1""",https://is1-ssl.mzstatic.com/image/thumb/Music123/v4/b7/e5/8f/b7e58f38-b60d-06cd-642e-a86c33d28549/19UMGIM38763.rgb.jpg/600x600bb.jpg,
Record,American Ballads,Pete Seeger,1957,"Folk, Ballad",US,,"""H1""",https://is1-ssl.mzstatic.com/image/thumb/Music/74/0e/1e/mzi.aamvssrc.jpg/600x600bb.jpg,
Record,Music From True Vine,Mike Seeger,1972,"Folk, Appalachian Music",US,,"""H1""",https://is1-ssl.mzstatic.com/image/thumb/Music/a4/1e/47/mzi.mqdjxuii.tif/600x600bb.jpg,
Record,American Folk Songs,Seeger Family,1957,Folk,US,,"""H1""",https://is1-ssl.mzstatic.com/image/thumb/Features115/v4/08/4a/41/084a4180-472c-476b-78f1-ae23e8ccb236/dj.zcromhpc.jpg/600x600bb.jpg,
Record,Unborn Child,Seals and Crofts,1974,Folk Rock,US,,"""H1""",https://is1-ssl.mzstatic.com/image/thumb/Music/11/e8/49/mzi.rehlfsns.jpg/600x600bb.jpg,
Record,Cheapo Cheapo Productions,John Sebastian,1971,"Country, Bluegrass, Folk",US,,"""H1""",https://is1-ssl.mzstatic.com/image/thumb/Music/cf/38/61/mzi.kbdhqyhj.jpg/600x600bb.jpg,
Record,The Earl Scruggs Revue,The Earl Scruggs Revue,1973,"Folk Rock, Bluegrass",US,,"""H1""",https://is1-ssl.mzstatic.com/image/thumb/Music126/v4/e7/3a/a7/e73aa7c4-f444-de92-146e-af41ad647fc5/196589677297.jpg/600x600bb.jpg,
Record,Kid on the Mountain,Duck Baker,1980,Folk,UK,,"""H1""",https://is1-ssl.mzstatic.com/image/thumb/Music1/v4/fe/77/7b/fe777b3a-ac18-de76-32fd-4a71cf8a29f9/725543175021.jpg/600x600bb.jpg,
Record,Strike Anywhere,Earl Scruggs Revue,1977,"Country, Bluegrass",US,,"""H1""",https://is1-ssl.mzstatic.com/image/thumb/Music128/v4/96/77/fc/9677fc28-8908-7f81-3581-fa5ba3a980aa/886445806175.jpg/600x600bb.jpg,
Record,The Late Great Townes Van Zandt,Townes Van Zandt,1972,"Country Blues, Country Rock, Folk Rock",US,,"""H1""",https://is1-ssl.mzstatic.com/image/thumb/Music124/v4/8d/e5/8b/8de58bf6-e487-3013-2bd1-813717446e47/00602547682970.rgb.jpg/600x600bb.jpg,
Record,Classic Schooner Fare,Schooner Fare,1988,Folk,US,,"""H1""",https://is1-ssl.mzstatic.com/image/thumb/Music128/v4/2c/9d/ed/2c9dedf0-f4a7-300d-22dd-74aa8e93decb/715498889128.jpg/600x600bb.jpg,
Record,New Life,Sakhile,1984,African,US,,"""H1""",https://is1-ssl.mzstatic.com/image/thumb/Music211/v4/be/da/56/beda56c7-97b9-dad5-50a6-2fb2dbf82310/24UMGIM83150.rgb.jpg/600x600bb.jpg,
Record,Things I Hate to Admit,Victims Family,1988,"Hardcore, Math Rock",Europe,,"""H1""",https://lastfm.freetls.fastly.net/i/u/300x300/5341077ce43f477abc55c0768dca2248.jpg,
Record,Voltage & Violets,Victims Family,1986,"Hardcore, Punk, Jazz-Rock, Heavy Metal",US,,"""H1""",https://lastfm.freetls.fastly.net/i/u/300x300/54d298751eaf458d9eca6cf6a3125424.jpg,
Record,I Am Waiting,Vigil,1987,"Alternative Rock, Pop Rock, Goth Rock",US,,"""H1""",https://is1-ssl.mzstatic.com/image/thumb/Music4/v4/53/27/00/532700dc-ef4d-b463-05ff-1f6407d7d7e3/761195107928.jpg/600x600bb.jpg,
Record,Vigil,Vigil,1987,"Alternative Rock, Pop Rock, Goth Rock",US,,"""H1""",https://is1-ssl.mzstatic.com/image/thumb/Music122/v4/b4/e6/24/b4e62444-32d0-7ec1-a087-bc26e13fbff8/dj.zqbotzke.png/600x600bb.jpg,
Record,Skulduggery,Steppenwolf,2006,"Hard Rock, Psychedelic Rock",UK,,"""H1""",https://i.discogs.com/LRKizYtVL02Moy6Kg9QoyL3mE-Sc747dgQVUDvr5iEg/rs:fit/g:sm/q:40/h:150/w:150/czM6Ly9kaXNjb2dz/LWRhdGFiYXNlLWlt/YWdlcy9SLTEwOTU1/MzMwLTE1MDcxNTA3/MTYtNjgzMy5qcGVn.jpeg,
Record,Uncle Charlie and his Dog Teddy,Nitty Gritty Dirt Band,1970,"Country Rock, Spoken Word",US,,"""H1""",https://is1-ssl.mzstatic.com/image/thumb/Music4/v4/cd/2f/a3/cd2fa3d5-326c-5bf8-dd84-d7eb0dda40b0/00724354172151.jpg/600x600bb.jpg,
Record,Season of Lights,Laura Nyro,1977,"Vocal, Pop Rock, Soft Rock",US,,"""H1""",https://is1-ssl.mzstatic.com/image/thumb/Music/61/9f/3a/mzi.dhnpjfqz.jpg/600x600bb.jpg,
Record,On the Mark,Mark o' Connor,2008,Black Metal,Ireland,,"""H1""",https://i.discogs.com/4J2gdSdeKqR0OsV6hOiFiRBLbS6ZNqsDnIDEMqg5SEQ/rs:fit/g:sm/q:40/h:150/w:150/czM6Ly9kaXNjb2dz/LWRhdGFiYXNlLWlt/YWdlcy9SLTIzMjgy/NTEtMTQwMzI1NDE4/NS02MTYxLmpwZWc.jpeg,
Record,I ain't Marching Anymore,Phil Ochs,1965,Folk,US,,"""H1""",https://is1-ssl.mzstatic.com/image/thumb/Music124/v4/fe/47/99/fe4799f0-b36a-a86b-e7ac-d50633082b42/mzi.zxsyaxzu.jpg/600x600bb.jpg,
Record,Chords of Fame,Phil Ochs,1976,"Folk Rock, Acoustic",US,,"""H1""",https://is1-ssl.mzstatic.com/image/thumb/Music118/v4/58/a7/ca/58a7caf8-66a6-4e52-218f-60e51bb46ae6/00606949316426.rgb.jpg/600x600bb.jpg,
Record,Pleasures of the Harbor,Phil Ochs,1967,"Folk Rock, Folk",US,,"""H1""",https://is1-ssl.mzstatic.com/image/thumb/Music118/v4/59/4a/af/594aaf75-f74d-fc72-5746-e8bc9f8fe31e/00602517356764.rgb.jpg/600x600bb.jpg,
Record,The Global Blues,Danny O'Keefe,1979,Folk Rock,US,,"""H1""",https://is1-ssl.mzstatic.com/image/thumb/Music62/v4/3c/06/dc/3c06dc50-ef2e-a7d0-ea33-a72343289dad/603497859320.jpg/600x600bb.jpg,
Record,The Marvellous Toy and Other Gallimaufry,Tom Paxton,1986,"Pop, Children's, Folk, World, & Country",US,,"""H1""",https://i.discogs.com/D8CwFedAkKpa1XtosCn7WC1TaGeG7b-zmoOU_5AxQG8/rs:fit/g:sm/q:40/h:150/w:150/czM6Ly9kaXNjb2dz/LWRhdGFiYXNlLWlt/YWdlcy9SLTU1Mzcx/NzctMTQzMzkwMTMw/Ni00ODg5LmpwZWc.jpeg,
Record,Narration + Music,Pecos Bill,1988,"Folk, World, & Country, Stage & Screen",US,,"""H1""",https://i.discogs.com/Iz6wZG6hr6Uozc4O4d9lsUSXg0LDISuNBMgma-4BWEI/rs:fit/g:sm/q:40/h:150/w:150/czM6Ly9kaXNjb2dz/LWRhdGFiYXNlLWlt/YWdlcy9SLTM3MDk2/MDEtMTQ0ODI1NDA0/Ni0xMjMwLmpwZWc.jpeg,
Record,A Holiday Celebration,Peter Paul & Mary,1988,"Folk, Holiday",US,,"""H1""",https://is1-ssl.mzstatic.com/image/thumb/Music125/v4/c2/d3/de/c2d3ded9-cdec-26fd-6e4f-e6cacf9f1c7e/093624507062.jpg/600x600bb.jpg,
Record,In the Round,Pentangle,1973,Folk Rock,France,,"""H1""",https://is1-ssl.mzstatic.com/image/thumb/Music211/v4/37/5c/62/375c6284-e016-d359-d4e3-74a5bf646e85/5052442022039.png/600x600bb.jpg,
Record,Cantamos,Poco,1974,Country Rock,US,,"""H1""",https://is1-ssl.mzstatic.com/image/thumb/Music/82/d3/ad/mzi.kfvhlnid.jpg/600x600bb.jpg,
Record,Waiata,Split Enz,1981,"Leftfield, Pop Rock, Experimental",New Zealand,,"""H1""",https://is1-ssl.mzstatic.com/image/thumb/Music118/v4/b6/26/ff/b626ff98-ca71-49ab-c413-245fbb868ebd/00602527851884.rgb.jpg/600x600bb.jpg,
Record,Annual Waltz,John Hartford,1987,Bluegrass,US,,"""H1""",https://lastfm.freetls.fastly.net/i/u/300x300/b7365496363b9e3381dbb05107a45d64.jpg,
Record,Urban Guitar,Eric Tingstad,1984,"Folk Rock, Acoustic, Contemporary Jazz",US,,"""H1""",https://i.discogs.com/jI-lzG8md2pBN4NDQd2S3L5U7aFljuw-Gr4ywDsts38/rs:fit/g:sm/q:40/h:150/w:150/czM6Ly9kaXNjb2dz/LWRhdGFiYXNlLWlt/YWdlcy9SLTYxMzcx/Ni0xMTQwMTk4NzM3/LmpwZWc.jpeg,
Record,Butcher's Boy,Sally Timms and the Drifting Cowgirls,1986,Country Rock,UK,,"""H1""",https://i.discogs.com/tRvfIY-86yVIBrMaclZl0uLc8qthOUPk4JTnQ0Hwq6s/rs:fit/g:sm/q:40/h:150/w:150/czM6Ly9kaXNjb2dz/LWRhdGFiYXNlLWlt/YWdlcy9SLTEyNDU0/MDgtMTMxOTU0NjYx/OS5qcGVn.jpeg,
Record,Battle Hymns of the Race War,Born Against,1993,Hardcore,US,,"""H1""",https://is1-ssl.mzstatic.com/image/thumb/Music5/v4/f3/f2/72/f3f272c1-cece-f061-d050-afb8a416a5ab/dj.ebplqnsi.jpg/600x600bb.jpg,
Record,The Legendary,Iry LeJune,,Cajun,US,,"""H1""",https://i.discogs.com/X1zC_mOnAKXmuRRTNeQOMHLN62noWvjKerp_9xANftI/rs:fit/g:sm/q:40/h:150/w:150/czM6Ly9kaXNjb2dz/LWRhdGFiYXNlLWlt/YWdlcy9SLTUyNTYz/NTItMTQyMzk4MTUz/My00ODIwLmpwZWc.jpeg,
Record,Angel with a Lariat,K.D. Lang and the Reclines,1987,"Country Rock, Pop Rock",US,,"""H1""",https://lastfm.freetls.fastly.net/i/u/300x300/933b5aa40ba76797616b081472f6d3ab.jpg,
Record,Come to Amerika,Child Support,1985,"Punk, Indie Rock",US,,"""H1""",https://is1-ssl.mzstatic.com/image/thumb/Music124/v4/b1/bc/c1/b1bcc1b6-37cf-434f-66cd-d8fcae7866c0/20UMGIM53528.rgb.jpg/600x600bb.jpg,
Record,Cat's Cradle,Cat Stevens,1977,Rock,US,,"""H1""",https://is1-ssl.mzstatic.com/image/thumb/Music221/v4/cd/b4/8b/cdb48b79-de0a-2bea-6e11-1e50191b31ec/00810016764038_Cover.jpg/600x600bb.jpg,
Record,16 Greatest Hits,Steppenwolf,1999,"Hard Rock, Classic Rock",US,,"""H1""",https://is1-ssl.mzstatic.com/image/thumb/Music128/v4/c1/34/66/c1346645-094b-4e8c-54f5-1440906ba8e2/00602567823414.rgb.jpg/600x600bb.jpg,
Record,Enquire Within,The Steppes,1989,"Garage Rock, Psychedelic Rock",US,,"""H1""",https://is1-ssl.mzstatic.com/image/thumb/Music113/v4/c5/cc/7c/c5cc7ce4-99db-098d-6cbe-9a3a33a2630d/194171184758.jpg/600x600bb.jpg,
Record,The Steeleye Span Story,Steeleye Span,1977,Folk Rock,US,,"""H1""",https://lastfm.freetls.fastly.net/i/u/300x300/c447b780b4b85b9cddc2a0420849a566.jpg,
Record,Yesterday's Wine,Willie Nelson,1975,Country,US,,"""H1""",https://is1-ssl.mzstatic.com/image/thumb/Music7/v4/19/38/9c/19389c08-3834-9793-709b-5d44cbeb3a00/dj.hqmnqwly.jpg/600x600bb.jpg,
Record,What can you do to me now,Willie Nelson,1975,Country,US,,"""H1""",https://is1-ssl.mzstatic.com/image/thumb/Music115/v4/44/85/cc/4485cc53-2ad8-c1cd-c6bc-d3e302e964ca/886445528350.jpg/600x600bb.jpg,
Record,Take it to the Limit,"Willie Nelson, Waylon Jennings",1983,Country Rock,US,,"""H1""",https://is1-ssl.mzstatic.com/image/thumb/Music7/v4/b3/5f/38/b35f3882-b319-7fec-505d-ab386db0c7c5/dj.tmdmjkro.jpg/600x600bb.jpg,
Record,Blind Dog,Norman and Nancy Blake,1988,"Bluegrass, Folk",US,,"""H1""",https://is1-ssl.mzstatic.com/image/thumb/Music128/v4/ce/25/db/ce25dbf6-ec97-a7e1-aa5b-ce492abfc20f/00888072387775.rgb.jpg/600x600bb.jpg,
Record,Poor Man's Paradise,Tracy Nelson,1973,"Folk Rock, Blues Rock",US,,"""H1""",https://is1-ssl.mzstatic.com/image/thumb/Music116/v4/8d/69/48/8d69486a-d5d8-6569-d002-9e09bf4752e1/196871065450.jpg/600x600bb.jpg,
Record,One for the Road,Willie Nelson,2003,"Country, Folk",US,,"""H1""",https://is1-ssl.mzstatic.com/image/thumb/Music1/v4/e2/da/1a/e2da1a56-b53c-5db6-b59c-37e1c5acb6fc/dj.irvitryr.jpg/600x600bb.jpg,
Record,Fire in the Rain,Holly Near,1981,Folk,US,,"""H1""",https://is1-ssl.mzstatic.com/image/thumb/Music114/v4/0b/8e/ab/0b8eabcb-11ff-1e3b-b0a9-8b2ea9b852f3/886445944495.jpg/600x600bb.jpg,
Record,Hang in There,Holly Near,1973,Folk,US,,"""H1""",https://lastfm.freetls.fastly.net/i/u/300x300/93844eb2379be80cda7cdf067358e122.jpg,
Record,BAck to the Front,Bob Neuwirth,1988,"Country, Folk",US,,"""H1""",https://is1-ssl.mzstatic.com/image/thumb/Music/24/66/39/mzi.hyrwkqeu.tif/600x600bb.jpg,
Record,Heaven Help the Child,Mickey Newbury,1973,"Folk, Country",US,,"""H1""",https://is1-ssl.mzstatic.com/image/thumb/Music211/v4/b0/77/0f/b0770f82-644a-275f-0104-67cedeff6d2b/199066388631.jpg/600x600bb.jpg,
Record,Come to Me,Juice Newton,1977,Country,US,,"""H1""",https://is1-ssl.mzstatic.com/image/thumb/Music118/v4/af/89/49/af89495b-fcdb-e931-a3a2-4a5024be9564/00602547885388.rgb.jpg/600x600bb.jpg,
Record,,,,,,,,,
Record,Live,Flesheaters,1996,"Alternative Rock, Pop Rock, Punk, New Wave, Psychedelic Rock, Goth Rock",UK,,"""H2""",https://i.discogs.com/sIfS4UrnIV9sgUKFSvPY-GMLoocbh0sdA8IjaZTxbO4/rs:fit/g:sm/q:40/h:150/w:150/czM6Ly9kaXNjb2dz/LWRhdGFiYXNlLWlt/YWdlcy9SLTExNjI5/NTUtMTIxNDg0NzE1/MS5qcGVn.jpeg,
Record,Survivor,Randy Bachman,1978,Country,US,,"""H2""",https://lastfm.freetls.fastly.net/i/u/300x300/d01f21e5195ccdfa71103f80a4604a42.jpg,
Record,Blowin' Away,Joan Baez,1977,"Ballad, Folk",Europe,,"""H2""",https://is1-ssl.mzstatic.com/image/thumb/Music/5b/f0/9f/mzi.uejxjetk.jpg/600x600bb.jpg,
Record,The Best of Joan Baez,Joan Baez,1977,Folk,US,,"""H2""",https://is1-ssl.mzstatic.com/image/thumb/Music6/v4/a5/6b/24/a56b244f-347e-9aed-8456-824b86e7c3f5/00015707050555.jpg/600x600bb.jpg,
Record,Baptism,Joan Baez,1968,"Country Blues, Poetry, Folk, Classical",US,,"""H2""",https://is1-ssl.mzstatic.com/image/thumb/Music4/v4/31/d2/a4/31d2a467-25ec-0632-acc9-038ce0a925b9/00015707972154.jpg/600x600bb.jpg,
Record,By and By,Critton Hollow String Band,1995,"Folk, Country, Appalachian Music",US,,"""H2""",https://is1-ssl.mzstatic.com/image/thumb/Music/de/4a/e2/mzi.bbqtnmjx.tif/600x600bb.jpg,
Record,Thinking of Woody,Country Joe McDonald,1969,"Folk Rock, Folk",US,,"""H2""",https://is1-ssl.mzstatic.com/image/thumb/Music6/v4/00/4b/e1/004be13e-474f-cec7-5f61-061b356316cc/00015707654654.jpg/600x600bb.jpg,
Record,Goodnight Blues,Country Joe McDonald,2009,Country,US,,"""H2""",https://is1-ssl.mzstatic.com/image/thumb/Music114/v4/59/10/3a/59103af0-a288-3bde-ccd8-28f76e57bd6f/58644.jpg/600x600bb.jpg,
Record,Home Plate,Bonnie Rait,1975,"Blues Rock, Acoustic, Southern Rock, Chicago Blues, Country, Country Rock, Folk Rock, Pop Rock",Russia,,"""H2""",https://is1-ssl.mzstatic.com/image/thumb/Music/0f/28/75/mzi.pkhrnqov.jpg/600x600bb.jpg,
Record,Cowboys and Englishmen,Poco,1982,"Country Rock, Acoustic, Folk Rock",US,,"""H2""",https://is1-ssl.mzstatic.com/image/thumb/Music128/v4/a8/8d/c0/a88dc073-4801-a470-8161-d0d994d1b12c/00076732206720.rgb.jpg/600x600bb.jpg,
Record,Living with the Dreaming Body and Fact of Life,Poi Dog Pondering,1989,Folk Rock,US,,"""H2""",https://i.discogs.com/t8oY5s02d1cw3yYTprfTgqRGTf67dh5TsghE9Ty39GQ/rs:fit/g:sm/q:40/h:150/w:150/czM6Ly9kaXNjb2dz/LWRhdGFiYXNlLWlt/YWdlcy9SLTE4MDM2/MzAtMTU3NTA0OTQw/OS02MTU5LmpwZWc.jpeg,
Record,Indian Summer,Poco,1977,Country Rock,US,,"""H2""",https://is1-ssl.mzstatic.com/image/thumb/Music128/v4/cc/4b/db/cc4bdbcd-04d9-f7db-eb6e-8766184ae93d/00076743135323.rgb.jpg/600x600bb.jpg,
Record,Bruised Orange,John Prine,1978,"Folk, Country",US,,"""H2""",https://is1-ssl.mzstatic.com/image/thumb/Music124/v4/c3/97/cc/c397cc73-bc64-cdf0-2230-2efcf3f4afba/mzi.yvjlbhmz.jpg/600x600bb.jpg,
Record,Pink Cadillac,John Prine,1979,"Country, Folk",US,,"""H2""",https://is1-ssl.mzstatic.com/image/thumb/Music124/v4/e2/8b/7c/e28b7cc1-ab95-905b-fc7f-dbcd706943cc/603497867936.jpg/600x600bb.jpg,
Record,Letter from America,The Proclaimers,1987,Folk Rock,UK,,"""H2""",https://is1-ssl.mzstatic.com/image/thumb/Music4/v4/55/26/b2/5526b2cf-d997-0e63-64d8-3e8357e3daaa/5099967812851_1535x1535_300dpi.jpg/600x600bb.jpg,
Record,This is the Story,The Proclaimers,1987,Folk Rock,UK,,"""H2""",https://is1-ssl.mzstatic.com/image/thumb/Music/v4/97/79/d1/9779d1ce-0a1d-98d7-8962-facf9f5e7988/0094632160256_3000x3000_300dpi.jpg/600x600bb.jpg,
Record,If the Shoe Fits,Pure Prairie League,1976,Southern Rock,US,,"""H2""",https://is1-ssl.mzstatic.com/image/thumb/Music7/v4/ed/f0/e7/edf0e7c9-68aa-56a4-2ed0-8e4feec8fe90/886445558005.jpg/600x600bb.jpg,
Record,Dance,Pure Prairie League,1976,Country Rock,US,,"""H2""",https://is1-ssl.mzstatic.com/image/thumb/Music60/v4/19/ab/ef/19abef95-05c3-5dce-2b5a-cf130d2cd833/mzm.hlsqlktd.jpg/600x600bb.jpg,
Record,The Quinaimes Band,The Quinaimes Band,1971,"Country Rock, Pop Rock",US,,"""H2""",https://is1-ssl.mzstatic.com/image/thumb/Music2/v4/48/a5/ce/48a5cee5-ff82-da0a-01a7-68060b5194da/603497925056.jpg/600x600bb.jpg,
Record,Bonnie Raitt,Bonnie Raitt,1971,"Blues Rock, Acoustic, Chicago Blues, Folk",US,,"""H2""",https://is1-ssl.mzstatic.com/image/thumb/Music124/v4/17/49/6d/17496df0-d0fe-6f49-e2a3-78d5189513f8/mzi.arvtsjoj.jpg/600x600bb.jpg,
Record,The Hermit,John Renbourn,1976,"Renaissance, Folk",UK,,"""H2""",https://is1-ssl.mzstatic.com/image/thumb/Music123/v4/e3/e7/e2/e3e7e245-2b00-9f98-0103-c9055ab10cd0/4050538564891.jpg/600x600bb.jpg,
Record,The Lady and the Unicorn,John Renbourn,1970,Folk,US,,"""H2""",https://is1-ssl.mzstatic.com/image/thumb/Music118/v4/48/9d/df/489ddfb7-9c0e-33ff-2704-00a978f215e1/0602527752976.jpg/600x600bb.jpg,
Record,Live in America,John Renbourn,1982,"Folk, Acoustic",US,,"""H2""",https://is1-ssl.mzstatic.com/image/thumb/Music114/v4/4a/23/3d/4a233d8a-c6ab-2aca-0354-68e59bd22de4/00888072077928.rgb.jpg/600x600bb.jpg,
Record,Sir John Alot Of,John Renbourn,1968,"Folk Rock, Acoustic",UK,,"""H2""",https://i.discogs.com/KOrCT8DgKpvhBRbfk7SITPX_t3EzJwhTlBSbDecGSLk/rs:fit/g:sm/q:40/h:150/w:150/czM6Ly9kaXNjb2dz/LWRhdGFiYXNlLWlt/YWdlcy9SLTE0NjYz/NjItMTQ5MDI4NTE2/OS04NjU0LmpwZWc.jpeg,
Record,Jerry Riopelle,Jerry Riopelle,1971,Rock,US,,"""H2""",https://is1-ssl.mzstatic.com/image/thumb/Music/e1/bf/e0/mzi.qtdpxwjz.jpg/600x600bb.jpg,
Record,Mar West,The Tony Rice Unit,1980,"Bluegrass, Progressive Bluegrass, Modal",US,,"""H2""",https://is1-ssl.mzstatic.com/image/thumb/Music124/v4/40/9e/15/409e1587-5910-33d1-5e21-7114aa101632/19CRGIM11184.rgb.jpg/600x600bb.jpg,
Record,McKendree Spring,McKendree Spring,1969,"Folk, Folk Rock",US,,"""H2""",https://is1-ssl.mzstatic.com/image/thumb/Music/c6/12/20/mzi.mwqhpwmw.tif/600x600bb.jpg,
Record,Irish Heartbeat,Van Morrison and the Chieftains,1988,"Folk, Celtic",Europe,,"""H2""",https://i.discogs.com/JTcDahX4Enj2AZunC8mMp8F6tX9IgQ9qRmsktz-5Iyc/rs:fit/g:sm/q:40/h:150/w:150/czM6Ly9kaXNjb2dz/LWRhdGFiYXNlLWlt/YWdlcy9SLTExODE5/NTctMTU3MTU2OTU5/OC01NTY4LmpwZWc.jpeg,
Record,Only One Love in my Life,Ronnie Milsap,1978,Country,US,,"""H2""",https://is1-ssl.mzstatic.com/image/thumb/Music114/v4/f3/e7/ec/f3e7eca1-c9c6-adb9-27e4-4e6509eaf66d/00886444828963.rgb.jpg/600x600bb.jpg,
Record,Fingers Don't Fail Me Now,Dale Miller,1980,"Folk, Hillbilly",UK,,"""H2""",https://i.discogs.com/BItwbZJwU5yT7uR6Mm7YeyQvbjQIBlXJifdoj4FFDPg/rs:fit/g:sm/q:40/h:150/w:150/czM6Ly9kaXNjb2dz/LWRhdGFiYXNlLWlt/YWdlcy9SLTk3NDc5/NzQtMTQ4NTczMzk0/MC0yNzg3LmpwZWc.jpeg,
Record,Changing Channels,Jerry Douglas,1987,Bluegrass,US,,"""H2""",https://i.discogs.com/fYdb9GjI8Ai3F3YluDollCZONf_gep4co1QH-IpRYek/rs:fit/g:sm/q:40/h:150/w:150/czM6Ly9kaXNjb2dz/LWRhdGFiYXNlLWlt/YWdlcy9SLTIzNjY2/NzktMTMxMjczMTM3/NC5qcGVn.jpeg,
Record,Barabajagal,Donovan,1969,"Folk, Folk Rock, Psychedelic Rock",US,,"""H2""",https://is1-ssl.mzstatic.com/image/thumb/Music125/v4/8e/1e/0f/8e1e0f4b-1992-8c19-61c3-ce404bf19aca/dj.mtezlpuw.jpg/600x600bb.jpg,
Record,These Knees Have Seen the World,The Dinner Ladies,1988,Folk,UK,,"""H2""",https://lastfm.freetls.fastly.net/i/u/300x300/b1e10a3e2544f8a5445e1e889102c66f.jpg,
Record,Make a Little Magic,Dirt Band,1980,"Country Rock, Soft Rock",US,,"""H2""",https://is1-ssl.mzstatic.com/image/thumb/Music4/v4/ac/b2/8e/acb28ed5-7bc4-ee67-f796-c99874344200/05099921284052.jpg/600x600bb.jpg,
Record,Rock On,Sandy Denny,1972,Folk Rock,UK,,"""H2""",https://is1-ssl.mzstatic.com/image/thumb/Music128/v4/0f/f9/4c/0ff94cf3-49cb-bf47-e97e-eddb0c530709/00602498280225.rgb.jpg/600x600bb.jpg,
Record,The North Star Grassman and the Ravens,Sandy Denny,1971,Folk Rock,UK,,"""H2""",https://is1-ssl.mzstatic.com/image/thumb/Music128/v4/ee/d1/90/eed190ca-0fd4-98b0-a602-c6799c768c01/00600753340585.rgb.jpg/600x600bb.jpg,
Record,Rendezvous,Sandy Denny,1977,"Folk, Folk Rock",UK,,"""H2""",https://is1-ssl.mzstatic.com/image/thumb/Music118/v4/20/a5/a5/20a5a562-2084-2943-eecc-813aec2c342e/00602498280249.rgb.jpg/600x600bb.jpg,
Record,Acoustic Music to Suit Most Occasions,The Deighton Family,1988,"Folk, World, & Country",US,,"""H2""",https://is1-ssl.mzstatic.com/image/thumb/Music118/v4/38/c9/5c/38c95c87-0e28-33dc-252f-1f1162f23ff8/00888072081826.rgb.jpg/600x600bb.jpg,
Record,Live in Japan,JD Crowe and the New South,1982,Bluegrass,US,,"""H2""",https://is1-ssl.mzstatic.com/image/thumb/Music124/v4/21/4b/86/214b8618-1c20-278d-dbb1-0e314b585faf/19CRGIM10586.rgb.jpg/600x600bb.jpg,
Record,You can Share my Blanket,JD Crowe and the New South,1977,Bluegrass,US,,"""H2""",https://is1-ssl.mzstatic.com/image/thumb/Music221/v4/d5/63/e1/d563e157-62fd-92e7-0bf8-f9abb9d7cd5b/150.jpg/600x600bb.jpg,
Record,Straight Ahead,JD Crowe and the New South,1986,Bluegrass,US,,"""H2""",https://is1-ssl.mzstatic.com/image/thumb/Music113/v4/3f/27/74/3f27749f-76fa-2091-d040-3abe78a2b272/19CRGIM17860.rgb.jpg/600x600bb.jpg,
Record,Ain't Living Long Like This,Rodney Crowell,1978,"Country, Country Rock, Folk Rock",US,,"""H2""",https://is1-ssl.mzstatic.com/image/thumb/Music124/v4/e1/08/de/e108de10-aab4-dc10-62d7-90b39cde9a0c/s06.xsaqrhkb.jpg/600x600bb.jpg,
Record,Mule,Alice Donut,1990,Alternative Rock,UK & Europe,,"""H2""",https://is1-ssl.mzstatic.com/image/thumb/Music/60/3c/0b/mzi.yqhtxvsn.jpg/600x600bb.jpg,
Record,Quarter Moon in a Ten Cent Town,Emmylou Harris,1978,Country,US,,"""H2""",https://is1-ssl.mzstatic.com/image/thumb/Music/y2004/m02/d24/h17/s02.jgmatmea.jpg/600x600bb.jpg,
Record,Last of the Red Hot Burritos,Flying Burrito Bros,1972,Country Rock,US,,"""H2""",https://is1-ssl.mzstatic.com/image/thumb/Music128/v4/38/ab/3e/38ab3e2d-a1c2-3e07-0a83-006d65586c69/00731452023926.rgb.jpg/600x600bb.jpg,
Record,Guitar Town,Steve Earle,1986,"Country, Honky Tonk",US,,"""H2""",https://is1-ssl.mzstatic.com/image/thumb/Music128/v4/6d/5a/01/6d5a013a-f20c-c9eb-b062-51e8b493bbc6/00602547849410.rgb.jpg/600x600bb.jpg,
Record,Honky Tonk Music,The Dusty Chaps,2015,"Country, Country Rock",US,,"""H2""",https://is1-ssl.mzstatic.com/image/thumb/Music115/v4/17/00/a2/1700a23b-2441-5133-7cb8-344168f45cd4/14UMGIM42058.rgb.jpg/600x600bb.jpg,
Record,High and Outside,Steve Goodman,1979,"Folk, Folk Rock",US,,"""H2""",https://lastfm.freetls.fastly.net/i/u/300x300/22b6f2589ccccedb4db9a193804fd58b.jpg,
Record,My Kinda Place,Paul Geremia,1986,"Country Blues, Folk",US,,"""H2""",https://is1-ssl.mzstatic.com/image/thumb/Music113/v4/c1/b1/eb/c1b1eba8-aa52-fe41-2ef3-20d74586457c/00888072086661.rgb.jpg/600x600bb.jpg,
Record,Volume 2,Georgia Fiddle Bands,,Country,US,,"""H2""",https://i.discogs.com/yALTyTxTZUWpM75zVnOF1Fyrs2v1yNpMZEAa4E05e3E/rs:fit/g:sm/q:40/h:150/w:150/czM6Ly9kaXNjb2dz/LWRhdGFiYXNlLWlt/YWdlcy9SLTQxMzE0/OTEtMTM1NjM0OTc4/MC02OTIxLmpwZWc.jpeg,
Record,Hymn to the Seeker,Mac Gayden,1976,"Country, Country Rock",US,,"""H2""",https://lastfm.freetls.fastly.net/i/u/300x300/e1ee5538208847919f9d42de4e4a9d62.jpg,
Record,Duduk Music from Armenia,Djivan Gasparyan,1999,Folk,Germany,,"""H2""",https://is1-ssl.mzstatic.com/image/thumb/Music/v4/35/92/2b/35922b61-e946-efd5-0031-6c4fba6f67a9/Jivan_-_Old_New_Memories.jpg/600x600bb.jpg,
Record,Selbstkontrolle,Freiwillige,1980,"Electro, Synth-pop, Minimal",Germany,,"""H2""",https://is1-ssl.mzstatic.com/image/thumb/Music114/v4/73/cc/93/73cc93d2-0f0d-96f1-febe-eb7ec14ad3b0/4047179073523_3000.jpg/600x600bb.jpg,
Record,Images,Michael Garrison,1986,"Ambient, Berlin-School",Germany,,"""H2""",https://is1-ssl.mzstatic.com/image/thumb/Music221/v4/5d/dd/0c/5ddd0c71-4808-80dd-c9e3-02dacdbd07f7/5050580830868.png/600x600bb.jpg,
Record,High Country Snows,Dan Fogelberg,1985,"Folk Rock, Country Rock, Soft Rock",US,,"""H2""",https://is1-ssl.mzstatic.com/image/thumb/Features/97/71/65/dj.popbnbme.jpg/600x600bb.jpg,
Record,Airborne,Flying Burrito Bros,1976,Country Rock,US,,"""H2""",https://is1-ssl.mzstatic.com/image/thumb/Music211/v4/2f/ed/91/2fed9111-20c6-65a8-1c93-d9bf15090af6/196872689235.jpg/600x600bb.jpg,
Record,Beat This,The Aesthetics,2018,Power Pop,US,,"""H2""",https://is1-ssl.mzstatic.com/image/thumb/Music118/v4/2e/f5/71/2ef5718c-1a70-32bf-4c44-c6d30ea9ad0b/814519024354.jpg/600x600bb.jpg,
Record,The World of,Flatt and Scruggs,1972,Bluegrass,US,,"""H2""",https://is1-ssl.mzstatic.com/image/thumb/Music62/v4/a2/c4/38/a2c4385a-7504-23db-5f92-b3c9d6ed1c80/886444413008.jpg/600x600bb.jpg,
Record,Voyages,Kevin Roth,1986,Folk,US,,"""H2""",https://is1-ssl.mzstatic.com/image/thumb/Music/7d/2b/b2/mzi.hyddleic.tif/600x600bb.jpg,
Record,And the Destroyers,George Thorowood,1992,,US,,"""H2""",https://is1-ssl.mzstatic.com/image/thumb/Music115/v4/59/73/35/597335e0-244e-2fbb-8146-9db20c0d885f/13UMGIM49915.rgb.jpg/600x600bb.jpg,
Record,LAst Chance,Chip Taylors,1973,Country Rock,US,,"""H2""",https://i.discogs.com/7OcoNmh85cB_l00TaPWZFNjEdHFX8fEGQw02Ix186fU/rs:fit/g:sm/q:40/h:150/w:150/czM6Ly9kaXNjb2dz/LWRhdGFiYXNlLWlt/YWdlcy9SLTIyNjky/OTktMTMzNTU5NTk4/My5qcGVn.jpeg,
Record,Elephant Mountain,Youngbloods,1969,"Folk Rock, Psychedelic Rock",US,,"""H2""",https://is1-ssl.mzstatic.com/image/thumb/Music/v4/6c/11/fc/6c11fcfd-6d1a-45e4-f552-0ded13b1ea26/886444447232.jpg/600x600bb.jpg,
Record,"Guiatrs, Cadillacs, etc.",Dwight Yoakam,1986,,US,,"""H2""",https://is1-ssl.mzstatic.com/image/thumb/Music112/v4/c4/23/b2/c423b24b-0d25-d570-e36b-19be9b0ddc49/603497838110.jpg/600x600bb.jpg,
Record,Buenas Noches from a Lonely Room,Dwight Yoakam,1988,"Country, Bakersfield Sound",US,,"""H2""",https://is1-ssl.mzstatic.com/image/thumb/Music124/v4/da/1a/f2/da1af24d-71d9-035a-7017-111a1ce091f0/603497893607.jpg/600x600bb.jpg,
Record,Time to Move On,Glenn Yarbrough,1964,"Country, Folk",US,,"""H2""",https://lastfm.freetls.fastly.net/i/u/300x300/739f07101fb3eb7014d6f1536d95d755.jpg,
Record,Womad Talking Book,Various Artists,1985,"Griot, Celtic, Gamelan, Cumbia, Aboriginal, African, Soukous, Folk, Soca",UK,,"""H2""",https://i.discogs.com/YJIl6uZLK_xI2BdfV_TF29IlQ7Ug0fFtErtRJ54REcQ/rs:fit/g:sm/q:40/h:150/w:150/czM6Ly9kaXNjb2dz/LWRhdGFiYXNlLWlt/YWdlcy9SLTE5ODUy/NTMtMTQyMTkxMTkz/MS0yNjEyLmpwZWc.jpeg,
Record,The Magical World of,Roger Whittaker,1975,"Children's, Stage & Screen",UK,,"""H2""",https://i.discogs.com/sBEWGbZd153aliLqWyhL-nJn_QsDY0N7lV3M2CpWxDw/rs:fit/g:sm/q:40/h:150/w:150/czM6Ly9kaXNjb2dz/LWRhdGFiYXNlLWlt/YWdlcy9SLTE5NjY5/NzYtMTI3Njc5NzI4/My5qcGVn.jpeg,
Record,Two Days in November,Doc and MErle Watson,1974,"Country Blues, Folk",US,,"""H2""",https://is1-ssl.mzstatic.com/image/thumb/Music6/v4/0a/e1/f8/0ae1f88a-f723-2ef1-afba-9e3c04b15ead/00015891388953.jpg/600x600bb.jpg,
Record,Then and Now,Doc and MErle Watson,1977,"Country Blues, Country, Folk",US,,"""H2""",https://lastfm.freetls.fastly.net/i/u/300x300/1eaf515f227b46118f8f545691ff3ae3.png,
Record,Big Earful,Claudia Schmidt,1987,"Folk, Folk Rock",US,,"""H2""",https://is1-ssl.mzstatic.com/image/thumb/Music/y2005/m04/d18/h12/s05.dvpyiwih.jpg/600x600bb.jpg,
Record,Family Portrait,Earl Scruggs Revue,1976,"Country, Country Rock, Bluegrass",US,,"""H2""",https://is1-ssl.mzstatic.com/image/thumb/Music/f4/fc/cc/mzi.jahefqyw.jpg/600x600bb.jpg,
Record,Deadlines,Strawbs,1978,Prog Rock,US,,"""H2""",https://is1-ssl.mzstatic.com/image/thumb/Music116/v4/fe/07/75/fe0775f8-5f12-1101-4470-6bb41f53518f/193483948485.jpg/600x600bb.jpg,
Record,Harpes Du Nouvel Age,Alan Stivell,1986,"Folk Rock, Folk",US,,"""H2""",https://lastfm.freetls.fastly.net/i/u/300x300/acae6bd780dbdc1817ccc2ec9f1d021a.jpg,
Record,Stephen Stills,Stephen Stills,1970,Blues Rock,US,,"""H2""",https://is1-ssl.mzstatic.com/image/thumb/Music211/v4/cd/31/3a/cd313afd-f516-4274-5dae-bcde65d57727/081227928964.jpg/600x600bb.jpg,
Record,Past Present and Future,Al Stewart,1974,Pop Rock,US,,"""H2""",https://is1-ssl.mzstatic.com/image/thumb/Music/13/c9/d1/mzi.jlmtcfmw.jpg/600x600bb.jpg,
Record,Wholly Humble Heart,Martin Stephenson,1988,"Blues Rock, Acoustic, Indie Rock, Folk",UK,,"""H2""",https://i.discogs.com/eBAhBC_0aCuhkEganZAwS2NbSPuy_T-5IHCqFRxz4Ms/rs:fit/g:sm/q:40/h:150/w:150/czM6Ly9kaXNjb2dz/LWRhdGFiYXNlLWlt/YWdlcy9SLTE2Nzg1/ODMtMTI0ODY5MjAz/MS5qcGVn.jpeg,
Record,Sons of the Pioneers,Sons of the Pioneers,2021,Country,US,,"""H2""",https://is1-ssl.mzstatic.com/image/thumb/Music124/v4/89/23/77/892377e7-0f63-e3c5-e9c2-c2b87768ee15/456306.jpg/600x600bb.jpg,
Record,The Two Sides Of,The Smothers Brothers,1962,"Comedy, Folk",US,,"""H2""",https://is1-ssl.mzstatic.com/image/thumb/Music128/v4/35/7d/46/357d4639-6ee5-6c71-f1e2-d5963cfa7f07/00602527894720.rgb.jpg/600x600bb.jpg,
Record,No Limit,Fred Small,1985,"Folk, World, & Country",US,,"""H2""",https://is1-ssl.mzstatic.com/image/thumb/Music124/v4/40/79/19/4079193d-44ab-0766-ff2b-2f30986f75d8/19CRGIM11188.rgb.jpg/600x600bb.jpg,
Record,Corky Siegel,Corky Siegel,1976,Harmonica Blues,US,,"""H2""",https://is1-ssl.mzstatic.com/image/thumb/Music116/v4/0d/92/4d/0d924d0e-4bb8-36da-c3c2-26e0c4a9bba3/23UMGIM05248.rgb.jpg/600x600bb.jpg,
Record,Side of the Road Gang,Side of the Road Gang,1976,"Folk, World, & Country",US,,"""H2""",https://is1-ssl.mzstatic.com/image/thumb/Features114/v4/55/b9/c1/55b9c183-36d9-ec04-6542-d92b4af5b3c0/dj.frlpydie.jpg/600x600bb.jpg,
Record,Soul Searcher,Shankar,1990,Indian Classical,US,,"""H2""",https://lastfm.freetls.fastly.net/i/u/300x300/65cbb8dfe226e2a206be3eb017fccadc.jpg,
Record,Bluegrass,Shady Grove Band,2001,"Bluegrass, Hillbilly, Country",UK,,"""H2""",https://is1-ssl.mzstatic.com/image/thumb/Music114/v4/6a/ae/a3/6aaea39f-60e2-5139-5a4c-dcfd593d08f1/s05.fbhuesxr.jpg/600x600bb.jpg,
,,,,,,,,,
Record,Bird of Paradise,Djavan,1988,MPB,US,,"""C1""",https://is1-ssl.mzstatic.com/image/thumb/Music114/v4/7b/ac/d5/7bacd5be-cc73-d576-8456-e7d324aa569b/886448192435.jpg/600x600bb.jpg,Been Filled
Record,Roger Manning,Roger Manning,1988,Folk Rock,US,,"""C1""",https://is1-ssl.mzstatic.com/image/thumb/Music122/v4/2d/cf/42/2dcf4244-d7a4-26a0-7865-4b8f50290ba1/889845256137.jpg/600x600bb.jpg,Been Filled
Record,Routes,Ramsey Lewis,1980,"Soul-Jazz, Jazz-Funk",US,,"""C1""",https://is1-ssl.mzstatic.com/image/thumb/Music127/v4/75/7a/3d/757a3da8-8693-73d7-8f6f-2429c6fe649d/886446489384.jpg/600x600bb.jpg,Been Filled
Record,Messina,Jim Messina,1981,"AOR, Reggae-Pop, Jazz-Rock",US,,"""C1""",https://is1-ssl.mzstatic.com/image/thumb/Music/v4/e3/a2/b7/e3a2b7dc-68fa-c0cb-9629-0e038b11f228/603497904310.jpg/600x600bb.jpg,Been Filled
Record,Letter From Home,Pat Metheny Group,1989,"Contemporary Jazz, Fusion",Europe,,"""C1""",https://is1-ssl.mzstatic.com/image/thumb/Music126/v4/96/fc/ff/96fcffbf-8e60-3acd-82e7-1f5422520df0/75597941166.jpg/600x600bb.jpg,Been Filled
Record,Joyride,Joyride,1991,"Pop Rock, Ballad, Europop",Europe,,"""C1""",https://is1-ssl.mzstatic.com/image/thumb/Music211/v4/68/a4/0d/68a40dc9-210a-25da-09fa-4e0de3820e6d/075679602978.jpg/600x600bb.jpg,Been Filled
Record,The Savoy Sessions,Erroll Garner,1985,Swing,Germany,,"""C1""",https://is1-ssl.mzstatic.com/image/thumb/Music128/v4/47/f6/94/47f694a9-3ec8-b024-2f3a-1ec13880abbe/00888072059283.rgb.jpg/600x600bb.jpg,Been Filled
Record,Volume,SWA,1991,"Alternative Rock, Jazz-Rock, Punk, Hardcore",US,,"""C1""",https://is1-ssl.mzstatic.com/image/thumb/Music126/v4/df/5d/0f/df5d0fee-f61f-51ac-69cb-69777ef61425/889845205234.jpg/600x600bb.jpg,Been Filled
Record,Everything's Coming Up Rosie,Rosemary Clooney,1977,Swing,US,,"""C1""",https://is1-ssl.mzstatic.com/image/thumb/Music128/v4/b5/20/d8/b520d8ec-46b3-162f-a0b4-7bca10115bc7/00013431404729.rgb.jpg/600x600bb.jpg,Been Filled
Record,Wizard,Matrix,1978,Fusion,US,,"""C1""",https://is1-ssl.mzstatic.com/image/thumb/Music124/v4/be/92/cd/be92cdab-be4d-042a-13a4-f447018bc079/603497859368.jpg/600x600bb.jpg,Been Filled
Record,Concord Super Band,Scott Hamilton,1980,"Bop, Swing",US,,"""C1""",https://is1-ssl.mzstatic.com/image/thumb/Music128/v4/64/d1/da/64d1dacc-3ad4-d44d-ebbe-8999a2a8ddb9/00013431481928.rgb.jpg/600x600bb.jpg,Been Filled
Record,Live at Carnegie Hall,Stephane Grappelli,1984,Swing,US,,"""C1""",https://i.discogs.com/3innw87WcTEjI1t0bAg9f9TaudZmQOPI_hTKB-N0t-Q/rs:fit/g:sm/q:40/h:150/w:150/czM6Ly9kaXNjb2dz/LWRhdGFiYXNlLWlt/YWdlcy9SLTQ0NDIx/MTItMTc2NzAyNDg3/NC04OTM1LmpwZWc.jpeg,Been Filled
Record,Oleo,Urbie Green,1978,Jazz,US,,"""C1""",https://i.discogs.com/ixmf8dzKg__bHMRKcw7o5wUVhCTSRSueJy0Vnud9CYY/rs:fit/g:sm/q:40/h:150/w:150/czM6Ly9kaXNjb2dz/LWRhdGFiYXNlLWlt/YWdlcy9SLTM1MTQz/NzAtMTMzMzQ2ODYw/Mi5qcGVn.jpeg,Been Filled
Record,Play with us Tonight,Rolly Gray and Sunfire,1983,Funk,US,,"""C1""",https://is1-ssl.mzstatic.com/image/thumb/Music49/v4/32/7e/9d/327e9d2f-a180-7e52-fe42-fc5d791553a7/190394422677.jpg/600x600bb.jpg,Been Filled
Record,Killer on the Rampage,Eddy Grant,1983,"Dub, Disco, Synth-pop, Reggae-Pop",US,,"""C1""",https://lastfm.freetls.fastly.net/i/u/300x300/34fd1c7ab0aa1390726550daa0b8133f.png,Been Filled
Record,Going for Broke,Eddy Grant,1984,"Pop Rock, Reggae-Pop",US,,"""C1""",https://is1-ssl.mzstatic.com/image/thumb/Music211/v4/87/b2/b6/87b2b663-63c7-011a-8e98-629598c4f03e/4062548122909.png/600x600bb.jpg,Been Filled
Record,Born Tuff,Eddy Grant,1986,"Reggae, Electro",Europe,,"""C1""",https://lastfm.freetls.fastly.net/i/u/300x300/35c5d37ce8b58d374022a0da537f41f0.jpg,Been Filled
Record,Dream Dancing,Anita Gravine,1984,Vocal,US,,"""C1""",https://i.discogs.com/tqKKtWYPytRWh29xa0lVdj5L393kI7HLq5TNbth3nvA/rs:fit/g:sm/q:40/h:150/w:150/czM6Ly9kaXNjb2dz/LWRhdGFiYXNlLWlt/YWdlcy9SLTMxNjgx/NDAtMTczMzQxMTc5/Ni05OTYyLmpwZWc.jpeg,Been Filled
Record,Condor,Bert Ligon,1981,"Fusion, Jazz-Funk",US,,"""C1""",https://lastfm.freetls.fastly.net/i/u/300x300/e3105a3f674545cca9747845ac64ef19.jpg,Been Filled
Record,What It Is,David Liebman,,Fusion,US,,"""C1""",https://lastfm.freetls.fastly.net/i/u/300x300/ceb71e6630b84c18a3213ad605cedaae.jpg,Been Filled
Record,The Two of Us,Ramsey Lewis and Nancy Wilson,1984,"Jazz-Funk, Soul",US,,"""C1""",https://is1-ssl.mzstatic.com/image/thumb/Music128/v4/86/48/43/86484320-6324-a518-3fae-d7277b431498/886446533605.jpg/600x600bb.jpg,Been Filled
Record,Safari to New Orleans,Ron Levy's Wild Kingdom,1988,Bayou Funk,US,,"""C1""",https://is1-ssl.mzstatic.com/image/thumb/Music/41/f5/46/mzi.bpjxstvf.jpg/600x600bb.jpg,Been Filled
Record,Ron Levy's Wild Kingdom,Ron Levy's Wild Kingdom,1986,Jump Blues,USA & Canada,,"""C1""",https://is1-ssl.mzstatic.com/image/thumb/Music/70/a6/ef/mzi.dxfcjovk.jpg/600x600bb.jpg,Been Filled
Record,Levant Plays Gershwin,Oscar Levant,1955,Modern,US,,"""C1""",https://is1-ssl.mzstatic.com/image/thumb/Features/ea/59/c3/dj.ourkbpca.jpg/600x600bb.jpg,Been Filled
Record,A Collection of Her Best,Ketty Lester,,Funk / Soul,US,,"""C1""",https://i.discogs.com/Y9tvj-BibXD4g_V6pznW_ADi3iGj16HTdXwfa0ED9_k/rs:fit/g:sm/q:40/h:150/w:150/czM6Ly9kaXNjb2dz/LWRhdGFiYXNlLWlt/YWdlcy9SLTI5NDg1/MDUtMTY0MTUwMjI5/MS0yMDQ2LmpwZWc.jpeg,Been Filled
Record,There's gonna be Trouble...,Jay Leonhart,1984,"Contemporary Jazz, Post Bop",US,,"""C1""",https://is1-ssl.mzstatic.com/image/thumb/Music/a7/f9/0d/mzi.vlwyygiy.jpg/600x600bb.jpg,Been Filled
Record,From The West,T Lavitz,1987,Smooth Jazz,US,,"""C1""",https://lastfm.freetls.fastly.net/i/u/300x300/c9eb3a0a8ff9737a728bb2ae7b4a9c3d.jpg,Been Filled
Record,Iron Path,Last Exit,1988,"Free Jazz, Grindcore",US,,"""C1""",https://is1-ssl.mzstatic.com/image/thumb/Music117/v4/69/4d/67/694d67ca-7e6a-4b0d-b41e-a714452b0021/0825481407526_1448.jpg/600x600bb.jpg,Been Filled
Record,Playground,Steve Kuhn,1980,Modal,US,,"""C1""",https://lastfm.freetls.fastly.net/i/u/300x300/8eaa8055583fa60e06e03e819db6d5bf.jpg,Been Filled
Record,Maria Muldaur,Maria Muldaur,1973,Soft Rock,US,,"""C1""",https://is1-ssl.mzstatic.com/image/thumb/Music115/v4/a9/f8/93/a9f8937a-498e-15fe-b12f-45e41e0742f9/075992720823.jpg/600x600bb.jpg,Been Filled
Record,Tight Fit,Mr B,1984,Soul,US,,"""C1""",https://is1-ssl.mzstatic.com/image/thumb/Music113/v4/66/e3/1e/66e31e3e-8129-4d08-12ee-584a0b7f38e8/0.jpg/600x600bb.jpg,Been Filled
Record,The Story of Bob Moses,Bob Moses,1987,"Avant-garde Jazz, Spoken Word, Contemporary Jazz",US,,"""C1""",https://is1-ssl.mzstatic.com/image/thumb/Music211/v4/ef/29/b3/ef29b3ba-0eb6-52c0-270c-ee2b7f1f7002/198588316450.jpg/600x600bb.jpg,Been Filled
Record,Long Ago and Far Away,Erroll Garner,1987,Jazz,US,,"""C1""",https://is1-ssl.mzstatic.com/image/thumb/Music/12/be/4a/mzi.wfeawswl.jpg/600x600bb.jpg,Been Filled
Record,It's Ok to listen to the gray voice,Jan Garbarek,1985,Contemporary Jazz,Germany,,"""C1""",https://is1-ssl.mzstatic.com/image/thumb/Music128/v4/62/47/a1/6247a1ab-2844-a351-c8d0-64d8d343f685/00042282540621.rgb.jpg/600x600bb.jpg,Been Filled
Record,Eventyr,Jan Garbarek,1981,Contemporary Jazz,Germany,,"""C1""",https://is1-ssl.mzstatic.com/image/thumb/Music118/v4/d7/c3/0d/d7c30da6-2ea9-1af5-f910-79d3852e25a5/00042282938428.rgb.jpg/600x600bb.jpg,Been Filled
Record,Aftenland,Jan Garbarek,1980,Contemporary Jazz,Germany,,"""C1""",https://is1-ssl.mzstatic.com/image/thumb/Music128/v4/0b/25/78/0b2578d3-c3f3-c243-4845-77fd1c863319/00042283930421.rgb.jpg/600x600bb.jpg,Been Filled
Record,Places,Jan Garbarek,1978,Contemporary Jazz,Germany,,"""C1""",https://is1-ssl.mzstatic.com/image/thumb/Music118/v4/0d/e3/53/0de35305-736b-c65a-cfc8-94a580f24561/00602547915986.rgb.jpg/600x600bb.jpg,Been Filled
Record,Ladies on the Stage,Millington,1977,"Soul, Ballad",US,,"""C1""",https://lastfm.freetls.fastly.net/i/u/300x300/cbe6c0afb0c6ba6512fe7c6b5409d5b3.jpg,Been Filled
Record,Windstorm,Bob Miles,1986,Jazz,US,,"""C1""",https://i.discogs.com/uK4VzVVvwNqu5cG4abdFpfcw-10f_hR9VdV0NlLUOHU/rs:fit/g:sm/q:40/h:150/w:150/czM6Ly9kaXNjb2dz/LWRhdGFiYXNlLWlt/YWdlcy9SLTEwMTYy/Nzg0LTE0OTI3MDUz/MDQtNjY3NC5qcGVn.jpeg,Been Filled
Record,Fusion Is,Barry Miles,1978,Fusion,US,,"""C1""",https://is1-ssl.mzstatic.com/image/thumb/Music113/v4/bf/8f/ae/bf8fae2d-52da-2756-b904-17514eba0927/192562519516.jpg/600x600bb.jpg,Been Filled
Record,Right Time,Mighty Diamonds,1976,Roots Reggae,UK,,"""C1""",https://is1-ssl.mzstatic.com/image/thumb/Music124/v4/e5/a7/99/e5a799ba-298c-07e8-2bc1-9c0a33f0cbe6/00724381032954.jpg/600x600bb.jpg,Been Filled
Record,Watercolors,Pat Metheny,1977,"Fusion, Contemporary Jazz",Germany,,"""C1""",https://is1-ssl.mzstatic.com/image/thumb/Music124/v4/74/46/5e/74465ec9-0ad7-9f14-ea00-3f93a2aa7edd/20UMGIM42267.rgb.jpg/600x600bb.jpg,Been Filled
Record,Offramp,Pat Metheny Group,1982,"Fusion, Contemporary Jazz",Germany,,"""C1""",https://is1-ssl.mzstatic.com/image/thumb/Music124/v4/49/b1/9c/49b19ca8-9417-2708-cb35-d18d76efb7c5/20UMGIM42327.rgb.jpg/600x600bb.jpg,Been Filled
Record,Rejoicing,Pat Metheny,1984,Contemporary Jazz,Germany,,"""C1""",https://is1-ssl.mzstatic.com/image/thumb/Music124/v4/fd/c3/72/fdc37261-3ebf-58ba-b4b4-4b940a4b11c8/20UMGIM42348.rgb.jpg/600x600bb.jpg,Been Filled
Record,80/81,Pat Metheny,1980,"Post Bop, Contemporary Jazz",Germany,,"""C1""",https://lastfm.freetls.fastly.net/i/u/300x300/156afd9a2ce18418efeae562d2078fcc.jpg,Been Filled
Record,"As Falls Wichita, So Falls Wichita Falls",Pat Metheny,1981,"Contemporary Jazz, Fusion",US,,"""C1""",https://is1-ssl.mzstatic.com/image/thumb/Music115/v4/39/21/f9/3921f961-a980-ebfe-7c6d-878c3e2ca2b6/20UMGIM42320.rgb.jpg/600x600bb.jpg,Been Filled
Record,Travels,Pat Metheny Group,1983,"Jazz-Rock, Fusion",Germany,,"""C1""",https://is1-ssl.mzstatic.com/image/thumb/Music124/v4/a9/76/3b/a9763bc6-2f85-250e-4e02-2b592c11cb73/20UMGIM42342.rgb.jpg/600x600bb.jpg,Been Filled
Record,Question and Answer,Pat Metheny,1990,"Post Bop, Contemporary Jazz",Europe,,"""C1""",https://is1-ssl.mzstatic.com/image/thumb/Music221/v4/cd/a1/bb/cda1bb2a-ff50-c268-4d3a-11f69b043dae/075597990973_Cover.jpg/600x600bb.jpg,Been Filled
Record,Live in Concert,Pat Metheny Group,1977,Fusion,US,,"""C1""",https://lastfm.freetls.fastly.net/i/u/300x300/000641d56fa44b89bbcd35242b4f6c4f.png,Been Filled
Record,American Garage,Pat Metheny Group,1979,"Fusion, Contemporary Jazz",Germany,,"""C1""",https://is1-ssl.mzstatic.com/image/thumb/Music124/v4/dc/7e/dc/dc7edc4c-ed9b-6843-41f3-aabcedc693fe/20UMGIM42312.rgb.jpg/600x600bb.jpg,Been Filled
Record,Session,Messenjah,1984,Reggae,Canada,,"""C1""",https://is1-ssl.mzstatic.com/image/thumb/Music2/v4/bf/15/ec/bf15ec65-b4c5-648f-07f0-5e6dba7298dd/825646438020.jpg/600x600bb.jpg,Been Filled
Record,Hidden Treasure,Andy Narell,1979,"Fusion, Afro-Cuban",US,,"""C1""",https://is1-ssl.mzstatic.com/image/thumb/Music/32/59/3e/mzi.ezjufyav.tif/600x600bb.jpg,Been Filled
Record,Sierra,Steve Narahara,1983,Fusion,US,,"""C1""",https://i.discogs.com/_QOg-ha6mZrSBK-4pwOGvxl0_wQgfwhxxR5GyY-yJ4w/rs:fit/g:sm/q:40/h:150/w:150/czM6Ly9kaXNjb2dz/LWRhdGFiYXNlLWlt/YWdlcy9SLTI5ODky/NzQtMTY3MjcwMTMy/MS01MDMyLmpwZWc.jpeg,Been Filled
Record,Qareeb,Najma,1987,"Fusion, Indian Classical",UK,,"""C1""",https://is1-ssl.mzstatic.com/image/thumb/Music/b8/a1/5c/mzi.xdzrlodr.jpg/600x600bb.jpg,Been Filled
Record,Photo Within,Jan Garbarek,2023,Contemporary Jazz,Japan,,"""C1""",https://is1-ssl.mzstatic.com/image/thumb/Music118/v4/c4/42/9c/c4429c1a-5faa-3d6e-c4cc-a50d9fa336e7/00042284316828.rgb.jpg/600x600bb.jpg,Been Filled
Record,Dis,Jan Garbarek,1977,Contemporary Jazz,Germany,,"""C1""",https://is1-ssl.mzstatic.com/image/thumb/Music118/v4/68/08/d1/6808d1b0-9b1d-c6f4-10ed-78ef27f55985/00042282740823.rgb.jpg/600x600bb.jpg,Been Filled
Record,JazzFaire,Full Faith,1981,Soul-Jazz,Italy,,"""C1""",https://i.discogs.com/nM2_sueZBj8_XVrkTTHEN88lcon0ThrPNkhiN5KFrc0/rs:fit/g:sm/q:40/h:150/w:150/czM6Ly9kaXNjb2dz/LWRhdGFiYXNlLWlt/YWdlcy9SLTI2MTM1/NDgtMTMxMjk2NjQ4/NC5qcGVn.jpeg,Been Filled
Record,Live,Robert Fripp,1994,Ambient,UK,,"""C1""",https://is1-ssl.mzstatic.com/image/thumb/Music123/v4/8e/04/c8/8e04c83f-4e68-c66b-eaea-02fbc1eb0b01/633367883520.png/600x600bb.jpg,Been Filled
Record,Duo,Freeway Fusion,1985,"Jazz, Rock",US,,"""C1""",https://lastfm.freetls.fastly.net/i/u/300x300/5f83410ceafb14140ca63b4724dba253.jpg,Been Filled
Record,Dean Frazer,Dean Frazer,1987,Reggae,US,,"""C1""",https://is1-ssl.mzstatic.com/image/thumb/Music122/v4/0d/5b/4d/0d5b4db8-30c8-53f5-9606-d4238eecaabd/195375515218_cover.jpg/600x600bb.jpg,Been Filled
Record,Tiger in the Rain,Michael Franks,1979,"Jazz-Funk, Vocal",US,,"""C1""",https://is1-ssl.mzstatic.com/image/thumb/Music/a8/58/7c/mzi.jwtsxusk.jpg/600x600bb.jpg,Been Filled
Record,Sleeping Gypsy,Michael Franks,1977,Jazz-Rock,US,,"""C1""",https://is1-ssl.mzstatic.com/image/thumb/Music/6b/cc/23/mzi.fdmkltsb.jpg/600x600bb.jpg,Been Filled
Record,Previously Unreleased,Michael Franks,2012,"Jazz-Funk, Smooth Jazz, Fusion",France,,"""C1""",https://is1-ssl.mzstatic.com/image/thumb/Music126/v4/49/85/75/49857531-2f3b-0cb3-454a-d1fb51361a90/06UMGIM21370.rgb.jpg/600x600bb.jpg,Been Filled
Record,Learning to Love,Rodney Franklin,1982,"Smooth Jazz, Jazz-Funk",US,,"""C1""",https://is1-ssl.mzstatic.com/image/thumb/Music128/v4/d7/94/27/d7942774-6f2b-f151-f626-7afe15779786/886447176306.jpg/600x600bb.jpg,Been Filled
Record,Captured,Steve Fowler,1987,Jazz,US,,"""C1""",https://is1-ssl.mzstatic.com/image/thumb/Music/bd/d2/be/dj.xwelvivk.jpg/600x600bb.jpg,Been Filled
Record,If I'd Kissed Her,Four Hundred Blows,2024,"Noisecore, Acoustic, Phonk, Black Metal, Experimental, Free Improvisation, Parody, Field Recording, Dungeon Synth",Ukraine,,"""C1""",https://is1-ssl.mzstatic.com/image/thumb/Music113/v4/1c/f7/ce/1cf7ce26-3a7e-57fa-b50d-277017d93101/400_blows-if-i-kiss-her.jpg/600x600bb.jpg,Been Filled
,,,,,,,,,
Record,Hangin' Out,Joe Newman,1984,Jazz,US,,"""C3""",https://i.discogs.com/P6munVDr_xowHKcEx5WNJgD17E3JMdZsa_1cXFFzJSk/rs:fit/g:sm/q:40/h:150/w:150/czM6Ly9kaXNjb2dz/LWRhdGFiYXNlLWlt/YWdlcy9SLTQ0ODYw/MjItMTUyNjU5ODU4/OC04MjQ4LmpwZWc.jpeg,Been Filled
Record,Newmanism,David Newman,1974,Jazz,US,,"""C3""",https://is1-ssl.mzstatic.com/image/thumb/Music/y2005/m06/d12/h10/s05.xvxocdhq.jpg/600x600bb.jpg,Been Filled
Record,Keep the Dream Alive,David Newman,1978,"Jazz-Funk, Disco",UK,,"""C3""",https://i.discogs.com/9EdJJosdF_O3buEyMkdhKkQ1ADts-5-MpZ1u5ZSmtEQ/rs:fit/g:sm/q:40/h:150/w:150/czM6Ly9kaXNjb2dz/LWRhdGFiYXNlLWlt/YWdlcy9SLTQwMjU3/NC0xNjk5NzgzNTk3/LTQ1NzcuanBlZw.jpeg,Been Filled
Record,Resurgence,David Newman,1981,Jazz,US,,"""C3""",https://i.discogs.com/w-2Qy4tCqz-Vc67rMTDAM8nIRCVaus7cT6Y4j3BJoMk/rs:fit/g:sm/q:40/h:150/w:150/czM6Ly9kaXNjb2dz/LWRhdGFiYXNlLWlt/YWdlcy9SLTQzODcy/MTQtMTUxOTY3NTc5/NS05MDMyLmpwZWc.jpeg,Been Filled
Record,Michael Nesmith,Michael Nesmith,2008,Country Rock,UK,,"""C3""",https://is1-ssl.mzstatic.com/image/thumb/Music124/v4/c1/41/59/c14159fa-9a1c-dda7-0bca-3693f8e7c8c1/886447070697.jpg/600x600bb.jpg,Been Filled
Record,Speed of Light,Holly Near,1982,"Folk, Boogie, Soul",US,,"""C3""",https://is1-ssl.mzstatic.com/image/thumb/Music118/v4/a2/5d/70/a25d70ce-3f25-d52c-09b9-51e0fdc6fb43/886444612821.jpg/600x600bb.jpg,Been Filled
Record,In Performance,Oregon,1980,"Modal, Free Improvisation, Free Jazz",US,,"""C3""",https://is1-ssl.mzstatic.com/image/thumb/Music/9a/89/0f/mzi.kfkujpsb.jpg/600x600bb.jpg,Been Filled
Record,Betcha,Stanley Turrentine,1979,"Disco, Jazz-Funk, Smooth Jazz",US,,"""C3""",https://is1-ssl.mzstatic.com/image/thumb/Music/v4/c0/59/c4/c059c40e-4d00-5e37-e16d-ddde0fc63524/603497930289.jpg/600x600bb.jpg,Been Filled
Record,"Old Friends, New Friends",Ralph Towner,1979,Contemporary Jazz,Germany,,"""C3""",https://is1-ssl.mzstatic.com/image/thumb/Music128/v4/b4/ff/c1/b4ffc168-e756-19d3-b95a-a6e941f6dd3c/00042282919625.rgb.jpg/600x600bb.jpg,Been Filled
Record,Solo Concert,Ralph Towner,1980,Contemporary Jazz,Germany,,"""C3""",https://is1-ssl.mzstatic.com/image/thumb/Music128/v4/33/a0/11/33a011f5-da65-8e1f-4d60-5604d3c31b81/00042282726827.rgb.jpg/600x600bb.jpg,Been Filled
Record,Turn it Out,Gary Toms,1977,Disco,US,,"""C3""",https://i.discogs.com/5mSVY_y3XwX9jTZYiWSQYLiB5_tRaHokdfYEQovZqQM/rs:fit/g:sm/q:40/h:150/w:150/czM6Ly9kaXNjb2dz/LWRhdGFiYXNlLWlt/YWdlcy9SLTExMTMy/NDYtMTIzNjg4NTgy/Mi5qcGVn.jpeg,Been Filled
Record,First Serve,Danny Toan,1977,Jazz-Rock,US,,"""C3""",https://lastfm.freetls.fastly.net/i/u/300x300/f8eeb48e82ed4dfccd986751dc80fb49.jpg,Been Filled
Record,Monster Walks the Winter Lake,David Thomas,1986,"Avantgarde, Acoustic",UK,,"""C3""",https://lastfm.freetls.fastly.net/i/u/300x300/7de9bb3067ac4ca2cc021c3b808217cc.png,Been Filled
Record,Rub Down,Joe Tex,1978,"Funk, Disco",US,,"""C3""",https://lastfm.freetls.fastly.net/i/u/300x300/a8ff7802de2d2b61464576d8d0a1f451.jpg,Been Filled
Record,Album Album,Jack DeJohnette,1985,Post Bop,US,,"""C3""",https://is1-ssl.mzstatic.com/image/thumb/Music118/v4/51/58/f2/5158f218-dafa-4905-885c-d749c1351c16/00042282346728.rgb.jpg/600x600bb.jpg,Been Filled
Record,Zebra,Jack DeJohnette,1989,"Future Jazz, Ambient, Soundtrack",US,,"""C3""",https://is1-ssl.mzstatic.com/image/thumb/Music128/v4/2c/eb/6e/2ceb6e39-6d9a-39bf-31ca-a10053e4bb09/00076742231323.rgb.jpg/600x600bb.jpg,Been Filled
Record,Southern Exposure,Alex deGrassi,1984,"New Age, Acoustic",US,,"""C3""",https://is1-ssl.mzstatic.com/image/thumb/Music128/v4/50/ac/9f/50ac9fe4-6a96-919a-d273-1866362ce0ea/886446915364.jpg/600x600bb.jpg,Been Filled
Record,Mr. Lucky,Buddy DeFranco,1984,Jazz,Germany,,"""C3""",https://is1-ssl.mzstatic.com/image/thumb/Music221/v4/1c/4e/d9/1c4ed941-c84b-65c0-c62b-75b8890222fc/24CRGIM43054.rgb.jpg/600x600bb.jpg,Been Filled
Record,Deep River,The Robert Shaw Chorale,1958,"Spirituals, Choral",US,,"""C3""",https://is1-ssl.mzstatic.com/image/thumb/Music3/v4/05/fb/56/05fb5684-c605-0616-009e-a690e6a533b1/acdanorthcentral2014hsandelemhonorchoirscover0314.jpg/600x600bb.jpg,Been Filled
Record,Black and Dekker,Desmond Dekker,1980,Ska,UK,,"""C3""",https://is1-ssl.mzstatic.com/image/thumb/Music128/v4/10/fb/a6/10fba604-12b8-4edc-6b3d-636c8ba48c29/00602567504863.rgb.jpg/600x600bb.jpg,Been Filled
Record,Live Montreaux,Eddie Davis,1989,Free Jazz,Australia,,"""C3""",https://i.discogs.com/sIDBy752sb8r8R4NqgPhcGV5q65vlmIOymftW5BSaj0/rs:fit/g:sm/q:40/h:150/w:150/czM6Ly9kaXNjb2dz/LWRhdGFiYXNlLWlt/YWdlcy9SLTI0NTQx/NTg5LTE2NjM1NzEw/NDgtOTI4My5wbmc.jpeg,Been Filled
Record,The Oak Tree,Morris Day,1985,"Soul, Synth-pop",US,,"""C3""",https://is1-ssl.mzstatic.com/image/thumb/Music125/v4/0e/27/ee/0e27ee44-c825-dd71-db5b-f045d93b6066/00720616243522.rgb.jpg/600x600bb.jpg,Been Filled
Record,Check Out Time,James Davis,1989,Louisiana Blues,US,,"""C3""",https://is1-ssl.mzstatic.com/image/thumb/Music/0f/92/3f/mzi.zlkyhpjd.jpg/600x600bb.jpg,Been Filled
Record,Hi Life Time,George Darko,1983,"Highlife, African",Germany & Switzerland,,"""C3""",https://i.discogs.com/kVhHGr4GEIBYXdeKTw0Iu4PgOAnt4WMcKiAJKOLqCyA/rs:fit/g:sm/q:40/h:150/w:150/czM6Ly9kaXNjb2dz/LWRhdGFiYXNlLWlt/YWdlcy9SLTcyODY4/MTgtMTQ0NTI4ODc1/NC03MDkxLmpwZWc.jpeg,Been Filled
Record,Morning Thunder,Eddie Daniels,1980,"Smooth Jazz, Jazz-Funk",US,,"""C3""",https://i.discogs.com/zccPsZf7R22eJdpvYjm6lShs9tgU4G95dLstgUp8AUg/rs:fit/g:sm/q:40/h:150/w:150/czM6Ly9kaXNjb2dz/LWRhdGFiYXNlLWlt/YWdlcy9SLTU1MTA0/MjctMTM5NTI0MDE4/Ni0yNTQ0LmpwZWc.jpeg,Been Filled
Record,Memos From Paradise,Eddie Daniels,1988,Jazz,US,,"""C3""",https://lastfm.freetls.fastly.net/i/u/300x300/93c9fa21f76e4b17ae9ee7259a537f8a.jpg,Been Filled
Record,Blackwood,Eddie Daniels,1989,"Smooth Jazz, Jazz-Funk, Easy Listening",US,,"""C3""",https://is1-ssl.mzstatic.com/image/thumb/Music118/v4/d9/5e/30/d95e3099-01da-c2e1-82d0-76ca9eda05da/00011105976824.rgb.jpg/600x600bb.jpg,Been Filled
Record,To Bird with Love,Eddie Daniels,1987,Contemporary Jazz,US,,"""C3""",https://lastfm.freetls.fastly.net/i/u/300x300/0178ba6e409e4dce9ef01f2b93da9039.jpg,Been Filled
Record,The Cat and the Fiddle,Papa John Creach,1977,"Soul, Disco",US,,"""C3""",https://is1-ssl.mzstatic.com/image/thumb/Music221/v4/db/1f/03/db1f03e2-c11a-5b6c-b08a-bda195684340/196873362649.jpg/600x600bb.jpg,Been Filled
Record,False Accusations,Robert Cray Band,1985,Modern Electric Blues,UK,,"""C3""",https://is1-ssl.mzstatic.com/image/thumb/Music128/v4/cd/d5/17/cdd51758-7939-c41a-a37c-9994808ae314/00602527323787.rgb.jpg/600x600bb.jpg,Been Filled
Record,Bad Influence,Robert Cray Band,1984,Modern Electric Blues,UK,,"""C3""",https://is1-ssl.mzstatic.com/image/thumb/Music128/v4/c1/38/15/c138152a-52c3-a1b3-c9d2-7cbb83bd3af4/00602537845507.rgb.jpg/600x600bb.jpg,Been Filled
Record,Danielle Dax,Danielle Dax,1995,"Synth-pop, Experimental",UK,,"""C3""",https://is1-ssl.mzstatic.com/image/thumb/Music/bb/ee/7e/mzi.auadigcr.jpg/600x600bb.jpg,Been Filled
Record,Dannibal,Cex,2008,Abstract,US,,"""C3""",https://is1-ssl.mzstatic.com/image/thumb/Music116/v4/18/2f/3d/182f3de5-2b93-766d-e10a-48a0a8d8ced1/198026686695.jpg/600x600bb.jpg,Been Filled
Record,Works,Emerson Lake and Palmer,1980,"Experimental, Prog Rock, Symphonic Rock",Netherlands,,"""C3""",https://is1-ssl.mzstatic.com/image/thumb/Music124/v4/1f/88/ef/1f88ef23-d9e2-db33-5b6a-c63660037b27/4050538187878.jpg/600x600bb.jpg,Been Filled
Record,Tarkus,Emerson Lake and Palmer,1971,Prog Rock,US,,"""C3""",https://is1-ssl.mzstatic.com/image/thumb/Music221/v4/2c/92/ca/2c92ca0e-5c0c-37f1-438a-0aba61cc647c/4050538184990.jpg/600x600bb.jpg,Been Filled
Record,Soft and Mellow,Herb Ellis,1979,Jazz,US,,"""C3""",https://i.discogs.com/5vZFzPgyvBK5NKkzVTvHtU-vc_jwGj51NwPe-_WQF4M/rs:fit/g:sm/q:40/h:150/w:150/czM6Ly9kaXNjb2dz/LWRhdGFiYXNlLWlt/YWdlcy9SLTMxMjMz/MjUtMTQxNDk0MjE5/Mi0yMTE1LmpwZWc.jpeg,Been Filled
Record,I Remember Harlem,Roy Eldridge,1972,"Swing, Bop",US,,"""C3""",https://is1-ssl.mzstatic.com/image/thumb/Music/v4/26/1f/90/261f907a-b83b-f97e-3217-72d38d1be82d/Roy_Eldridge_-_I_Remember_Harlem.jpg/600x600bb.jpg,Been Filled
Record,Live at Montreaux,Don Ellis,1995,"Funk, Soul",US,,"""C3""",https://is1-ssl.mzstatic.com/image/thumb/Music/y2005/m07/d21/h14/mzi.bzkrkqcr.jpg/600x600bb.jpg,Been Filled
Record,8 Bold Souls,8 Bold Souls,1987,"Free Jazz, Avant-garde Jazz",US,,"""C3""",https://is1-ssl.mzstatic.com/image/thumb/Music/y2004/m02/d18/h15/s05.faxnqnob.jpg/600x600bb.jpg,Been Filled
Record,Bassus Erectus,Arni Egilsson,1980,"Jazz-Funk, Disco",US,,"""C3""",https://lastfm.freetls.fastly.net/i/u/300x300/2a0b821898e360dd42fe1fcb0c76e49e.jpg,Been Filled
Record,Elements,Mark Egan,1982,"Fusion, Contemporary Jazz",US,,"""C3""",https://is1-ssl.mzstatic.com/image/thumb/Music2/v4/01/86/5d/01865d51-c188-869c-2d12-6b98547578b7/755603864725.jpg/600x600bb.jpg,Been Filled
Record,Exercise in Tension,Dessau,1989,Industrial,US,,"""C3""",https://is1-ssl.mzstatic.com/image/thumb/Music116/v4/bb/0f/1b/bb0f1b9e-43a3-0406-264e-501510aa663a/Exercise_In_Tension.jpg/600x600bb.jpg,Been Filled
Record,Slowly Shouting,Design for Living,1983,"New Wave, Post-Punk, Art Rock",UK,,"""C3""",https://i.discogs.com/ml2BHdDmy2zbKRvnk5YltDzqmVdC_xQiLVoKA1WD1F8/rs:fit/g:sm/q:40/h:150/w:150/czM6Ly9kaXNjb2dz/LWRhdGFiYXNlLWlt/YWdlcy9SLTE5Nzk4/MTYtMTUxMjkwODEw/Mi04MTA4LmpwZWc.jpeg,Been Filled
Record,Claude's Late Morning,Bobby Previte,1988,Contemporary Jazz,US,,"""C3""",https://lastfm.freetls.fastly.net/i/u/300x300/40cdf5c80b06e6ca665fa82ff96a9e06.jpg,Been Filled
Record,Uncut,The Powder Blues,1980,"Blues Rock, Modern Electric Blues",Canada,,"""C3""",https://i.discogs.com/_Xjto75tcAniirt__vUeoVVdLEQlf8T_KiWK7i84fmM/rs:fit/g:sm/q:40/h:150/w:150/czM6Ly9kaXNjb2dz/LWRhdGFiYXNlLWlt/YWdlcy9SLTE4Mjgw/OTgtMTI3MzI4NTAz/MC5qcGVn.jpeg,Been Filled
Record,Amensia,Pousette-Dart Band,1994,,,,"""C3""",https://is1-ssl.mzstatic.com/image/thumb/Music125/v4/66/21/b9/6621b95b-552d-ec56-07c4-9d29b0dd243b/859713246843_cover.jpg/600x600bb.jpg,Been Filled
Record,Fables,Jean-Luc Ponty,1985,Fusion,US,,"""C3""",https://is1-ssl.mzstatic.com/image/thumb/Music71/v4/79/13/43/791343d9-6482-9636-3870-611c08067f23/dj.ludnysay.jpg/600x600bb.jpg,Been Filled
Record,Individual Choice,Jean-Luc Ponty,1983,Fusion,US,,"""C3""",https://is1-ssl.mzstatic.com/image/thumb/Music/7f/93/01/mzi.opesfbjm.jpg/600x600bb.jpg,Been Filled
Record,Imaginary Voyage,Jean-Luc Ponty,1976,"Jazz-Rock, Space Rock, Fusion",US,,"""C3""",https://is1-ssl.mzstatic.com/image/thumb/Music124/v4/b0/e8/62/b0e86257-8536-2bf4-a097-5da2252f9abc/s06.gmqnaiyh.jpg/600x600bb.jpg,Been Filled
Record,I'm the Fiddle,Papa John Creach,1977,Soul,US,,"""C3""",https://is1-ssl.mzstatic.com/image/thumb/Music221/v4/db/1f/03/db1f03e2-c11a-5b6c-b08a-bda195684340/196873362649.jpg/600x600bb.jpg,Been Filled
Record,Live,Jean-Luc Ponty,2000,"Fusion, Jazz-Rock",US,,"""C3""",https://is1-ssl.mzstatic.com/image/thumb/Music/d0/04/d7/mzi.tjmcuevg.jpg/600x600bb.jpg,Been Filled
Record,Open Mind,Jean-Luc Ponty,1984,Fusion,US,,"""C3""",https://is1-ssl.mzstatic.com/image/thumb/Music124/v4/98/3d/7f/983d7f1e-ddaa-e3ce-a98d-6e7835537c5c/081227519865.jpg/600x600bb.jpg,Been Filled
